{"type": "FeatureCollection", "features": [{"type": "Feature", "geometry": {"type": "Point", "coordinates": [2.324617, 48.674821]}, "properties": {"adresse": "50 GRANDE RUE 91360 Épinay-sur-Orge", "count": 2, "medecins": "[{\"nom\": \"MARECHAL\", \"prenom\": \"Thierry\", \"savoir_faire\": \"Qualifié en Médecine Générale\"}, {\"nom\": \"VAILLANT-MOGA\", \"prenom\": \"Anne\", \"savoir_faire\": \"Qualifié en Médecine Générale\"}]"}}, {"type": "Feature", "geometry": {"type": "Point", "coordinates": [2.324616, 48.611446]}, "properties": {"adresse": "9 AVENUE GILBERT FERGANT 91220 Le Plessis-Pâté", "count": 2, "medecins": "[{\"nom\": \"SPOUTIL\", \"prenom\": \"Francois\", \"savoir_faire\": \"Qualifié en Médecine Générale\"}, {\"nom\": \"SEJOURNE\", \"prenom\": \"Cesar\", \"savoir_faire\": \"Spécialiste en Médecine Générale\"}]"}}, {"type": "Feature", "geometry": {"type": "Point", "coordinates": [2.370781, 48.657877]}, "properties": {"adresse": "8 AVENUE JEAN MERMOZ 91170 Viry-Châtillon", "count": 2, "medecins": "[{\"nom\": \"FINELTAIN\", \"prenom\": \"Jules\", \"savoir_faire\": \"Qualifié en Médecine Générale\"}, {\"nom\": \"GATTI\", \"prenom\": \"Gérard\", \"savoir_faire\": \"Qualifié en Médecine Générale\"}]"}}, {"type": "Feature", "geometry": {"type": "Point", "coordinates": [2.488617, 48.709301]}, "properties": {"adresse": "38 RUE GABRIEL PERI 91330 Yerres", "count": 4, "medecins": "[{\"nom\": \"BODIN\", \"prenom\": \"Dominique\", \"savoir_faire\": \"Qualifié en Médecine Générale\"}, {\"nom\": \"ALBUQUERQUE\", \"prenom\": \"Sonia\", \"savoir_faire\": \"Spécialiste en Médecine Générale\"}, {\"nom\": \"HELENE\", \"prenom\": \"Marine\", \"savoir_faire\": \"Spécialiste en Médecine Générale\"}, {\"nom\": \"ALBUQUERQUE\", \"prenom\": \"Sonia\", \"savoir_faire\": \"Spécialiste en Médecine Générale\"}]"}}, {"type": "Feature", "geometry": {"type": "Point", "coordinates": [2.337348, 48.652367]}, "properties": {"adresse": "130 ROUTE DE CORBEIL 91360 Villemoisson-sur-Orge", "count": 1, "medecins": "[{\"nom\": \"HEYMAN\", \"prenom\": \"Francis\", \"savoir_faire\": \"Médecine Générale\"}]"}}, {"type": "Feature", "geometry": {"type": "Point", "coordinates": [2.427449, 48.63204]}, "properties": {"adresse": "306 ALLEE DU DRAGON 91000 Évry-Courcouronnes", "count": 1, "medecins": "[{\"nom\": \"BELLAS\", \"prenom\": \"Christophe\", \"savoir_faire\": \"Spécialiste en Médecine Générale\"}]"}}, {"type": "Feature", "geometry": {"type": "Point", "coordinates": [2.375745, 48.690747]}, "properties": {"adresse": "9 PLACE DU MARECHAL LECLERC 91260 Juvisy-sur-Orge", "count": 3, "medecins": "[{\"nom\": \"FOSSE\", \"prenom\": \"Didier\", \"savoir_faire\": \"Spécialiste en Médecine Générale\"}, {\"nom\": \"ABDALLAH\", \"prenom\": \"Amine\", \"savoir_faire\": \"Spécialiste en Médecine Générale\"}, {\"nom\": \"DISSOU\", \"prenom\": \"M'HAMMED\", \"savoir_faire\": \"Spécialiste en Médecine Générale\"}]"}}, {"type": "Feature", "geometry": {"type": "Point", "coordinates": [2.279717, 48.72931]}, "properties": {"adresse": "37 RUE HENRI GILBERT 91300 Massy", "count": 1, "medecins": "[{\"nom\": \"MARESCHI\", \"prenom\": \"Alain\", \"savoir_faire\": \"Spécialiste en Médecine Générale\"}]"}}, {"type": "Feature", "geometry": {"type": "Point", "coordinates": [2.291792, 48.730943]}, "properties": {"adresse": "6 AVENUE DU NOYER LAMBERT 91300 Massy", "count": 10, "medecins": "[{\"nom\": \"VALENCY\", \"prenom\": \"Brigitte\", \"savoir_faire\": \"Qualifié en Médecine Générale\"}, {\"nom\": \"GRANDE\", \"prenom\": \"Roxane\", \"savoir_faire\": \"Spécialiste en Médecine Générale\"}, {\"nom\": \"KHIREDDINE\", \"prenom\": \"Imène\", \"savoir_faire\": \"Spécialiste en Médecine Générale\"}, {\"nom\": \"JONES\", \"prenom\": \"Anton\", \"savoir_faire\": \"Spécialiste en Médecine Générale\"}, {\"nom\": \"AMMAR STAALI\", \"prenom\": \"Ryef\", \"savoir_faire\": \"Spécialiste en Médecine Générale\"}, {\"nom\": \"THAUNIER\", \"prenom\": \"Isabelle\", \"savoir_faire\": \"Qualifié en Médecine Générale\"}, {\"nom\": \"DAOUDI\", \"prenom\": \"Benjamin\", \"savoir_faire\": \"Spécialiste en Médecine Générale\"}, {\"nom\": \"KHALFAOUI\", \"prenom\": \"Dorra\", \"savoir_faire\": \"Spécialiste en Médecine Générale\"}, {\"nom\": \"MOLE YENZEI\", \"prenom\": \"Serge\", \"savoir_faire\": \"Spécialiste en Médecine Générale\"}, {\"nom\": \"BULIC\", \"prenom\": \"Nicolas\", \"savoir_faire\": \"Spécialiste en Médecine Générale\"}]"}}, {"type": "Feature", "geometry": {"type": "Point", "coordinates": [2.46708, 48.700368]}, "properties": {"adresse": "160 AVENUE DE LA REPUBLIQUE 91230 Montgeron", "count": 2, "medecins": "[{\"nom\": \"DESBONNET\", \"prenom\": \"François\", \"savoir_faire\": \"Qualifié en Médecine Générale\"}, {\"nom\": \"HOUSSAINT\", \"prenom\": \"Christophe\", \"savoir_faire\": \"Spécialiste en Médecine Générale\"}]"}}, {"type": "Feature", "geometry": {"type": "Point", "coordinates": [2.154335, 48.431237]}, "properties": {"adresse": "5 RUE L ABREUVOIR DES CORDELIERS 91150 Étampes", "count": 1, "medecins": "[{\"nom\": \"COLOMBIES\", \"prenom\": \"Corinne\", \"savoir_faire\": \"Qualifié en Médecine Générale\"}]"}}, {"type": "Feature", "geometry": {"type": "Point", "coordinates": [2.528295, 48.686971]}, "properties": {"adresse": "21 RUE DU GORD 91800 Boussy-Saint-Antoine", "count": 3, "medecins": "[{\"nom\": \"BUQUET-BUSSON\", \"prenom\": \"Valérie\", \"savoir_faire\": \"Qualifié en Médecine Générale\"}, {\"nom\": \"BAJAUD\", \"prenom\": \"Marc\", \"savoir_faire\": \"Qualifié en Médecine Générale\"}, {\"nom\": \"BUQUET\", \"prenom\": \"NICOLAS\", \"savoir_faire\": \"Spécialiste en Médecine Générale\"}]"}}, {"type": "Feature", "geometry": {"type": "Point", "coordinates": [2.322349, 48.736176]}, "properties": {"adresse": "7 RESIDENCE DU VAL LA CROIX 91320 Wissous", "count": 1, "medecins": "[{\"nom\": \"HAMM-LEHNER\", \"prenom\": \"Françoise\", \"savoir_faire\": \"Qualifié en Médecine Générale\"}]"}}, {"type": "Feature", "geometry": {"type": "Point", "coordinates": [2.124354, 48.622598]}, "properties": {"adresse": "34 RUE SIMON DE MONTFORT 91640 Briis-sous-Forges", "count": 3, "medecins": "[{\"nom\": \"RENOUF\", \"prenom\": \"Nicolas\", \"savoir_faire\": \"Qualifié en Médecine Générale\"}, {\"nom\": \"DE BAILLIENCOURT DIT COURCOL\", \"prenom\": \"Anne-Claire\", \"savoir_faire\": \"Qualifié en Médecine Générale\"}, {\"nom\": \"SFAXI\", \"prenom\": \"Ines\", \"savoir_faire\": \"Spécialiste en Médecine Générale\"}]"}}, {"type": "Feature", "geometry": {"type": "Point", "coordinates": [2.532395, 48.675498]}, "properties": {"adresse": "28 RUE DE BRUNOY 91480 Quincy-sous-Sénart", "count": 1, "medecins": "[{\"nom\": \"CHERUBINI\", \"prenom\": \"Didier\", \"savoir_faire\": \"Spécialiste en Médecine Générale\"}]"}}, {"type": "Feature", "geometry": {"type": "Point", "coordinates": [2.303816, 48.607007]}, "properties": {"adresse": "2 RUE MAURICE BOYAU 91220 Brétigny-sur-Orge", "count": 1, "medecins": "[{\"nom\": \"LE ROULIER\", \"prenom\": \"Maryline\", \"savoir_faire\": \"Qualifié en Médecine Générale\"}]"}}, {"type": "Feature", "geometry": {"type": "Point", "coordinates": [2.468389, 48.699194]}, "properties": {"adresse": "2 RUE ROSALIE 91230 Montgeron", "count": 2, "medecins": "[{\"nom\": \"COULON\", \"prenom\": \"Muriel\", \"savoir_faire\": \"Spécialiste en Médecine Générale\"}, {\"nom\": \"CANIONI-GRALL\", \"prenom\": \"Béatrice\", \"savoir_faire\": \"Spécialiste en Médecine Générale\"}]"}}, {"type": "Feature", "geometry": {"type": "Point", "coordinates": [2.295425, 48.602795]}, "properties": {"adresse": "36 RUE DU BOIS DE CHATRES 91220 Brétigny-sur-Orge", "count": 11, "medecins": "[{\"nom\": \"PICHENE\", \"prenom\": \"Benoît\", \"savoir_faire\": \"Spécialiste en Médecine Générale\"}, {\"nom\": \"KOROPOULIS\", \"prenom\": \"Vincent\", \"savoir_faire\": \"Spécialiste en Médecine Générale\"}, {\"nom\": \"KOROPOULIS\", \"prenom\": \"Vincent\", \"savoir_faire\": \"Spécialiste en Médecine Générale\"}, {\"nom\": \"PHAM KORMES\", \"prenom\": \"Thérèse\", \"savoir_faire\": \"Spécialiste en Médecine Générale\"}, {\"nom\": \"KOROPOULIS\", \"prenom\": \"Vincent\", \"savoir_faire\": \"Spécialiste en Médecine Générale\"}, {\"nom\": \"KOROPOULIS\", \"prenom\": \"Vincent\", \"savoir_faire\": \"Spécialiste en Médecine Générale\"}, {\"nom\": \"KOROPOULIS\", \"prenom\": \"Vincent\", \"savoir_faire\": \"Spécialiste en Médecine Générale\"}, {\"nom\": \"KOROPOULIS\", \"prenom\": \"Vincent\", \"savoir_faire\": \"Spécialiste en Médecine Générale\"}, {\"nom\": \"LEVY\", \"prenom\": \"Robin\", \"savoir_faire\": \"Spécialiste en Médecine Générale\"}, {\"nom\": \"LOMBARD\", \"prenom\": \"Mathilde\", \"savoir_faire\": \"Spécialiste en Médecine Générale\"}, {\"nom\": \"SCHVAHN\", \"prenom\": \"Sophie\", \"savoir_faire\": \"Qualifié en Médecine Générale\"}]"}}, {"type": "Feature", "geometry": {"type": "Point", "coordinates": [2.361553, 48.714009]}, "properties": {"adresse": "91 AVENUE D ALSACE LORRAINE 91550 Paray-Vieille-Poste", "count": 8, "medecins": "[{\"nom\": \"SALVIATO\", \"prenom\": \"Marie-Laure\", \"savoir_faire\": \"Spécialiste en Médecine Générale\"}, {\"nom\": \"KANDUT\", \"prenom\": \"Anna\", \"savoir_faire\": \"Spécialiste en Médecine Générale\"}, {\"nom\": \"PRADEL\", \"prenom\": \"Mélanie\", \"savoir_faire\": \"Spécialiste en Médecine Générale\"}, {\"nom\": \"PIMIENTA\", \"prenom\": \"Philippe\", \"savoir_faire\": \"Spécialiste en Médecine Générale\"}, {\"nom\": \"BOUZERRARA\", \"prenom\": \"Khadija\", \"savoir_faire\": \"Spécialiste en Médecine Générale\"}, {\"nom\": \"GONCALVES\", \"prenom\": \"Céline\", \"savoir_faire\": \"Spécialiste en Médecine Générale\"}, {\"nom\": \"LALLIER\", \"prenom\": \"Marie\", \"savoir_faire\": \"Spécialiste en Médecine Générale\"}, {\"nom\": \"VEILHAN\", \"prenom\": \"Robin\", \"savoir_faire\": \"Spécialiste en Médecine Générale\"}]"}}, {"type": "Feature", "geometry": {"type": "Point", "coordinates": [2.410063, 48.650067]}, "properties": {"adresse": "34 RUE PIERRE BROSSOLETTE 91130 Ris-Orangis", "count": 3, "medecins": "[{\"nom\": \"HEBERT\", \"prenom\": \"Georges\", \"savoir_faire\": \"Qualifié en Médecine Générale\"}, {\"nom\": \"DOUBLET\", \"prenom\": \"Laurence\", \"savoir_faire\": \"Qualifié en Médecine Générale\"}, {\"nom\": \"BOURGUIGNON\", \"prenom\": \"Nicolas\", \"savoir_faire\": \"Qualifié en Médecine Générale\"}]"}}, {"type": "Feature", "geometry": {"type": "Point", "coordinates": [2.351206, 48.676182]}, "properties": {"adresse": "2 AVENUE CHARLES DE GAULLE 91600 Savigny-sur-Orge", "count": 2, "medecins": "[{\"nom\": \"BENDAVID\", \"prenom\": \"Dina\", \"savoir_faire\": \"Qualifié en Médecine Générale\"}, {\"nom\": \"MSIKA\", \"prenom\": \"Sarah\", \"savoir_faire\": \"Spécialiste en Médecine Générale\"}]"}}, {"type": "Feature", "geometry": {"type": "Point", "coordinates": [2.18579, 48.696794]}, "properties": {"adresse": "15 RUE DE PARIS 91400 Orsay", "count": 5, "medecins": "[{\"nom\": \"SELLEM\", \"prenom\": \"Lucie\", \"savoir_faire\": \"Qualifié en Médecine Générale\"}, {\"nom\": \"JONVEL\", \"prenom\": \"Bruno\", \"savoir_faire\": \"Qualifié en Médecine Générale\"}, {\"nom\": \"BONNEFOY\", \"prenom\": \"Elisabeth\", \"savoir_faire\": \"Médecine Générale\"}, {\"nom\": \"DOGUET\", \"prenom\": \"Céline\", \"savoir_faire\": \"Qualifié en Médecine Générale\"}, {\"nom\": \"LE TINIER\", \"prenom\": \"Gwenaelle\", \"savoir_faire\": \"Spécialiste en Médecine Générale\"}]"}}, {"type": "Feature", "geometry": {"type": "Point", "coordinates": [2.1654, 48.434562]}, "properties": {"adresse": "12 RUE EVEZARD 91150 Étampes", "count": 1, "medecins": "[{\"nom\": \"VERNEY\", \"prenom\": \"Nathalie\", \"savoir_faire\": \"Qualifié en Médecine Générale\"}]"}}, {"type": "Feature", "geometry": {"type": "Point", "coordinates": [2.458657, 48.705128]}, "properties": {"adresse": "100 AVENUE DE LA REPUBLIQUE 91230 Montgeron", "count": 1, "medecins": "[{\"nom\": \"TRAN\", \"prenom\": \"Nha Huong\", \"savoir_faire\": \"Qualifié en Médecine Générale\"}]"}}, {"type": "Feature", "geometry": {"type": "Point", "coordinates": [2.337826, 48.65309]}, "properties": {"adresse": "91 ROUTE DE CORBEIL 91390 Morsang-sur-Orge", "count": 1, "medecins": "[{\"nom\": \"DUPOISOT\", \"prenom\": \"Olivier\", \"savoir_faire\": \"Spécialiste en Médecine Générale\"}]"}}, {"type": "Feature", "geometry": {"type": "Point", "coordinates": [2.300367, 48.657149]}, "properties": {"adresse": "13 RUE JEAN JAURES 91700 Villiers-sur-Orge", "count": 2, "medecins": "[{\"nom\": \"ROBERT\", \"prenom\": \"Caroline\", \"savoir_faire\": \"Qualifié en Médecine Générale\"}, {\"nom\": \"SAAB\", \"prenom\": \"Jade\", \"savoir_faire\": \"Spécialiste en Médecine Générale\"}]"}}, {"type": "Feature", "geometry": {"type": "Point", "coordinates": [2.486265, 48.609103]}, "properties": {"adresse": "8 RUE HELOISE 91100 Corbeil-Essonnes", "count": 2, "medecins": "[{\"nom\": \"MOHAMED EL KADI\", \"prenom\": \"Yasmina\", \"savoir_faire\": \"Médecine Générale\"}, {\"nom\": \"AMMAR BOUDJELLAL\", \"prenom\": \"Nabil\", \"savoir_faire\": \"Spécialiste en Médecine Générale\"}]"}}, {"type": "Feature", "geometry": {"type": "Point", "coordinates": [2.165401, 48.437212]}, "properties": {"adresse": "8 RUE SAINT JACQUES DE BEZEGOND 91150 Étampes", "count": 1, "medecins": "[{\"nom\": \"WADJOU-KWAYEB\", \"prenom\": \"Stéphane\", \"savoir_faire\": \"Qualifié en Médecine Générale\"}]"}}, {"type": "Feature", "geometry": {"type": "Point", "coordinates": [2.481128, 48.695949]}, "properties": {"adresse": "9 RUE JEAN JAURES 91330 Yerres", "count": 2, "medecins": "[{\"nom\": \"DE LA VAISSIERE DE LAVERGNE\", \"prenom\": \"Bertrand\", \"savoir_faire\": \"Qualifié en Médecine Générale\"}, {\"nom\": \"MORENO\", \"prenom\": \"Vincent\", \"savoir_faire\": \"Qualifié en Médecine Générale\"}]"}}, {"type": "Feature", "geometry": {"type": "Point", "coordinates": [2.366065, 48.652048]}, "properties": {"adresse": "32 AVENUE DU LIEUTENANT FOUCAULT 91170 Viry-Châtillon", "count": 1, "medecins": "[{\"nom\": \"NGUYEN-HUYNH\", \"prenom\": \"Thi-Thanh-Nga\", \"savoir_faire\": \"Qualifié en Médecine Générale\"}]"}}, {"type": "Feature", "geometry": {"type": "Point", "coordinates": [2.417955, 48.628616]}, "properties": {"adresse": "8 PLACE DES COPAINS D ABORD 91080 Courcouronnes", "count": 5, "medecins": "[{\"nom\": \"ATSHABO\", \"prenom\": \"Egbango\", \"savoir_faire\": \"Médecine Générale\"}, {\"nom\": \"MOUNGANG-NYA\", \"prenom\": \"Lynie Gladys\", \"savoir_faire\": \"Spécialiste en Médecine Générale\"}, {\"nom\": \"WAHIDI\", \"prenom\": \"Fatima-Ezzahra\", \"savoir_faire\": \"Spécialiste en Médecine Générale\"}, {\"nom\": \"MONTSERRET\", \"prenom\": \"Bruno\", \"savoir_faire\": \"Qualifié en Médecine Générale\"}, {\"nom\": \"LELOU\", \"prenom\": \"Thi-Anh-Dao\", \"savoir_faire\": \"Qualifié en Médecine Générale\"}]"}}, {"type": "Feature", "geometry": {"type": "Point", "coordinates": [2.48495, 48.609668]}, "properties": {"adresse": "13 RUE SAINT NICOLAS 91100 Corbeil-Essonnes", "count": 4, "medecins": "[{\"nom\": \"COURT\", \"prenom\": \"Anne\", \"savoir_faire\": \"Qualifié en Médecine Générale\"}, {\"nom\": \"TOUIL\", \"prenom\": \"Ridha\", \"savoir_faire\": \"Spécialiste en Médecine Générale\"}, {\"nom\": \"BADIN\", \"prenom\": \"Sylvie\", \"savoir_faire\": \"Qualifié en Médecine Générale\"}, {\"nom\": \"COURT\", \"prenom\": \"Jean-François\", \"savoir_faire\": \"Qualifié en Médecine Générale\"}]"}}, {"type": "Feature", "geometry": {"type": "Point", "coordinates": [2.468749, 48.403466]}, "properties": {"adresse": "41 RUE LANGLOIS 91490 Milly-la-Forêt", "count": 1, "medecins": "[{\"nom\": \"PATTE\", \"prenom\": \"Karen\", \"savoir_faire\": \"Qualifié en Médecine Générale\"}]"}}, {"type": "Feature", "geometry": {"type": "Point", "coordinates": [2.297401, 48.563474]}, "properties": {"adresse": "1 RUE EUGENE BROU 91630 Marolles-en-Hurepoix", "count": 1, "medecins": "[{\"nom\": \"DE RIVAS\", \"prenom\": \"Jean-Pierre\", \"savoir_faire\": \"Qualifié en Médecine Générale\"}]"}}, {"type": "Feature", "geometry": {"type": "Point", "coordinates": [2.338462, 48.654834]}, "properties": {"adresse": "79 ROUTE DE CORBEIL 91390 Morsang-sur-Orge", "count": 1, "medecins": "[{\"nom\": \"COMTE\", \"prenom\": \"Laurent\", \"savoir_faire\": \"Spécialiste en Médecine Générale\"}]"}}, {"type": "Feature", "geometry": {"type": "Point", "coordinates": [2.167579, 48.695168]}, "properties": {"adresse": "50 ROUTE DE CHARTRES 91440 Bures-sur-Yvette", "count": 1, "medecins": "[{\"nom\": \"ZAMANIAN-ABBASI\", \"prenom\": \"Mathias\", \"savoir_faire\": \"Qualifié en Médecine Générale\"}]"}}, {"type": "Feature", "geometry": {"type": "Point", "coordinates": [2.271915, 48.641515]}, "properties": {"adresse": "1 RUE DE PARIS 91310 Montlhéry", "count": 1, "medecins": "[{\"nom\": \"OUROUSSOFF\", \"prenom\": \"Gregor\", \"savoir_faire\": \"Qualifié en Médecine Générale\"}]"}}, {"type": "Feature", "geometry": {"type": "Point", "coordinates": [2.478909, 48.638686]}, "properties": {"adresse": " CENTRE COMMERCIAL BOIS DU CERF 91450 Étiolles", "count": 1, "medecins": "[{\"nom\": \"ROSSI\", \"prenom\": \"Jean Pierre\", \"savoir_faire\": \"Spécialiste en Médecine Générale\"}]"}}, {"type": "Feature", "geometry": {"type": "Point", "coordinates": [2.31308, 48.671345]}, "properties": {"adresse": "17 RUE MADELEINE PELLETIER 91360 Épinay-sur-Orge", "count": 2, "medecins": "[{\"nom\": \"PERROT\", \"prenom\": \"Sandrine\", \"savoir_faire\": \"Qualifié en Médecine Générale\"}, {\"nom\": \"SIGUIER\", \"prenom\": \"Sandrine\", \"savoir_faire\": \"Qualifié en Médecine Générale\"}]"}}, {"type": "Feature", "geometry": {"type": "Point", "coordinates": [2.424072, 48.626017]}, "properties": {"adresse": " BOULEVARD DES CHAMPS ELYSEES 91000 Évry-Courcouronnes", "count": 1, "medecins": "[{\"nom\": \"CLEMENTE\", \"prenom\": \"Marie Laure\", \"savoir_faire\": \"Qualifié en Médecine Générale\"}]"}}, {"type": "Feature", "geometry": {"type": "Point", "coordinates": [2.290943, 48.531497]}, "properties": {"adresse": "1 RUE JULES FERRY 91510 Lardy", "count": 1, "medecins": "[{\"nom\": \"TAGLIAMONTE\", \"prenom\": \"Florence\", \"savoir_faire\": \"Qualifié en Médecine Générale\"}]"}}, {"type": "Feature", "geometry": {"type": "Point", "coordinates": [2.426653, 48.633401]}, "properties": {"adresse": "201 RUE BONAPARTE 91000 Évry-Courcouronnes", "count": 1, "medecins": "[{\"nom\": \"CHAU-VAN\", \"prenom\": \"DUY\", \"savoir_faire\": \"Qualifié en Médecine Générale\"}]"}}, {"type": "Feature", "geometry": {"type": "Point", "coordinates": [2.171121, 48.681735]}, "properties": {"adresse": "3 RUE DU FOREZ 91940 Les Ulis", "count": 5, "medecins": "[{\"nom\": \"PADOVANI THUILLIER\", \"prenom\": \"Emmanuelle\", \"savoir_faire\": \"Qualifié en Médecine Générale\"}, {\"nom\": \"ARCHEVEQUE\", \"prenom\": \"Anne\", \"savoir_faire\": \"Spécialiste en Médecine Générale\"}, {\"nom\": \"MELLAH\", \"prenom\": \"Mira\", \"savoir_faire\": \"Spécialiste en Médecine Générale\"}, {\"nom\": \"KHLIFI\", \"prenom\": \"Maryam\", \"savoir_faire\": \"Spécialiste en Médecine Générale\"}, {\"nom\": \"CROZAT\", \"prenom\": \"Cécile\", \"savoir_faire\": \"Qualifié en Médecine Générale\"}]"}}, {"type": "Feature", "geometry": {"type": "Point", "coordinates": [2.142983, 48.438219]}, "properties": {"adresse": "66 RUE JEAN MERMOZ 91150 Étampes", "count": 3, "medecins": "[{\"nom\": \"HUSSON\", \"prenom\": \"Sébastien\", \"savoir_faire\": \"Qualifié en Médecine Générale\"}, {\"nom\": \"BROSSARD\", \"prenom\": \"VINCENT\", \"savoir_faire\": \"Spécialiste en Médecine Générale\"}, {\"nom\": \"KUNC\", \"prenom\": \"Marc\", \"savoir_faire\": \"Qualifié en Médecine Générale\"}]"}}, {"type": "Feature", "geometry": {"type": "Point", "coordinates": [2.459555, 48.705206]}, "properties": {"adresse": "2 BOULEVARD SELLIER 91230 Montgeron", "count": 1, "medecins": "[{\"nom\": \"PEREIRA ROCHA\", \"prenom\": \"Elsa\", \"savoir_faire\": \"Qualifié en Médecine Générale\"}]"}}, {"type": "Feature", "geometry": {"type": "Point", "coordinates": [2.262182, 48.585651]}, "properties": {"adresse": "60 CHEMIN DE LA GARENNE 91290 La Norville", "count": 1, "medecins": "[{\"nom\": \"AIOUN\", \"prenom\": \"Vincent\", \"savoir_faire\": \"Qualifié en Médecine Générale\"}]"}}, {"type": "Feature", "geometry": {"type": "Point", "coordinates": [2.377246, 48.705989]}, "properties": {"adresse": "53 RUE PIERRE BROSSOLETTE 91200 Athis-Mons", "count": 6, "medecins": "[{\"nom\": \"VANZO\", \"prenom\": \"Bertrand\", \"savoir_faire\": \"Spécialiste en Médecine Générale\"}, {\"nom\": \"BAUMHAUER\", \"prenom\": \"Mathilde\", \"savoir_faire\": \"Spécialiste en Médecine Générale\"}, {\"nom\": \"LEXUTAN-INDRE\", \"prenom\": \"Délia\", \"savoir_faire\": \"Spécialiste en Médecine Générale\"}, {\"nom\": \"BIDEAU\", \"prenom\": \"Camille\", \"savoir_faire\": \"Spécialiste en Médecine Générale\"}, {\"nom\": \"BAUER\", \"prenom\": \"Pauline\", \"savoir_faire\": \"Spécialiste en Médecine Générale\"}, {\"nom\": \"COINDARD\", \"prenom\": \"Guillaume\", \"savoir_faire\": \"Spécialiste en Médecine Générale\"}]"}}, {"type": "Feature", "geometry": {"type": "Point", "coordinates": [2.289511, 48.73222]}, "properties": {"adresse": "2 RUE DU THEATRE 91300 Massy", "count": 8, "medecins": "[{\"nom\": \"HUAS\", \"prenom\": \"Caroline\", \"savoir_faire\": \"Spécialiste en Médecine Générale\"}, {\"nom\": \"IMBERT\", \"prenom\": \"Charlotte\", \"savoir_faire\": \"Spécialiste en Médecine Générale\"}, {\"nom\": \"BENLARBI-DELAI\", \"prenom\": \"Kenza\", \"savoir_faire\": \"Spécialiste en Médecine Générale\"}, {\"nom\": \"RICHARD\", \"prenom\": \"Jules\", \"savoir_faire\": \"Spécialiste en Médecine Générale\"}, {\"nom\": \"BENLARBI-DELAI\", \"prenom\": \"Kenza\", \"savoir_faire\": \"Spécialiste en Médecine Générale\"}, {\"nom\": \"CORCHIA\", \"prenom\": \"Laurent\", \"savoir_faire\": \"Spécialiste en Médecine Générale\"}, {\"nom\": \"THEVARASA\", \"prenom\": \"Karthiga\", \"savoir_faire\": \"Spécialiste en Médecine Générale\"}, {\"nom\": \"GALICHON\", \"prenom\": \"Claire\", \"savoir_faire\": \"Spécialiste en Médecine Générale\"}]"}}, {"type": "Feature", "geometry": {"type": "Point", "coordinates": [2.167313, 48.682965]}, "properties": {"adresse": "35 RUE DES BERGERES 91940 Les Ulis", "count": 1, "medecins": "[{\"nom\": \"JACQUEMIN\", \"prenom\": \"André\", \"savoir_faire\": \"Qualifié en Médecine Générale\"}]"}}, {"type": "Feature", "geometry": {"type": "Point", "coordinates": [2.476271, 48.616247]}, "properties": {"adresse": "12 RUE DE SEINE 91100 Corbeil-Essonnes", "count": 1, "medecins": "[{\"nom\": \"SEAUX\", \"prenom\": \"Juliette\", \"savoir_faire\": \"Spécialiste en Médecine Générale\"}]"}}, {"type": "Feature", "geometry": {"type": "Point", "coordinates": [2.211152, 48.55228]}, "properties": {"adresse": "31 RUE DU PONT CAGE 91790 Boissy-sous-Saint-Yon", "count": 1, "medecins": "[{\"nom\": \"PERA\", \"prenom\": \"Hélène\", \"savoir_faire\": \"Spécialiste en Médecine Générale\"}]"}}, {"type": "Feature", "geometry": {"type": "Point", "coordinates": [2.233904, 48.641834]}, "properties": {"adresse": "34 RUE ALFRED DUBOIS 91460 Marcoussis", "count": 3, "medecins": "[{\"nom\": \"MORGADO\", \"prenom\": \"Carla\", \"savoir_faire\": \"Qualifié en Médecine Générale\"}, {\"nom\": \"ROQUES\", \"prenom\": \"Cédric\", \"savoir_faire\": \"Qualifié en Médecine Générale\"}, {\"nom\": \"CHEVAL\", \"prenom\": \"Véronique\", \"savoir_faire\": \"Qualifié en Médecine Générale\"}]"}}, {"type": "Feature", "geometry": {"type": "Point", "coordinates": [2.267331, 48.640525]}, "properties": {"adresse": "2 PLACE DE L EUROPE 91310 Montlhéry", "count": 1, "medecins": "[{\"nom\": \"DEKIMECHE\", \"prenom\": \"NOUREDINE\", \"savoir_faire\": \"Spécialiste en Médecine Générale\"}]"}}, {"type": "Feature", "geometry": {"type": "Point", "coordinates": [2.265792, 48.631394]}, "properties": {"adresse": "89 RUE DE LA DIVISION LECLERC 91310 Linas", "count": 1, "medecins": "[{\"nom\": \"ROBELLO\", \"prenom\": \"Arturo\", \"savoir_faire\": \"Spécialiste en Médecine Générale\"}]"}}, {"type": "Feature", "geometry": {"type": "Point", "coordinates": [2.174303, 48.730951]}, "properties": {"adresse": "2 RUE DE PARIS 91400 Saclay", "count": 3, "medecins": "[{\"nom\": \"DE ALMEIDA\", \"prenom\": \"Alexandra\", \"savoir_faire\": \"Spécialiste en Médecine Générale\"}, {\"nom\": \"ROECKEL\", \"prenom\": \"Éric\", \"savoir_faire\": \"Spécialiste en Médecine Générale\"}, {\"nom\": \"MARIE-CARDINE\", \"prenom\": \"Isabelle\", \"savoir_faire\": \"Spécialiste en Médecine Générale\"}]"}}, {"type": "Feature", "geometry": {"type": "Point", "coordinates": [2.363342, 48.553676]}, "properties": {"adresse": "1 RUE DU HAUT DES VIGNES 91710 Vert-le-Petit", "count": 3, "medecins": "[{\"nom\": \"GROUHEL\", \"prenom\": \"Claire\", \"savoir_faire\": \"Spécialiste en Médecine Générale\"}, {\"nom\": \"RACHOU\", \"prenom\": \"Sophie\", \"savoir_faire\": \"Spécialiste en Médecine Générale\"}, {\"nom\": \"ARTIS\", \"prenom\": \"Coralie\", \"savoir_faire\": \"Spécialiste en Médecine Générale\"}]"}}, {"type": "Feature", "geometry": {"type": "Point", "coordinates": [2.379232, 48.650715]}, "properties": {"adresse": "20 RUE DES PETITS PAS 91350 Grigny", "count": 1, "medecins": "[{\"nom\": \"KANOUA\", \"prenom\": \"Abdelmalek\", \"savoir_faire\": \"Spécialiste en Médecine Générale\"}]"}}, {"type": "Feature", "geometry": {"type": "Point", "coordinates": [2.524433, 48.698332]}, "properties": {"adresse": "4 RUE DE L ILE DE FRANCE 91860 Épinay-sous-Sénart", "count": 4, "medecins": "[{\"nom\": \"BOUICHE BEHIDJ\", \"prenom\": \"Radhia\", \"savoir_faire\": \"Spécialiste en Médecine Générale\"}, {\"nom\": \"MONTEIRO MOREIRA\", \"prenom\": \"Marcia Sofia\", \"savoir_faire\": \"Spécialiste en Médecine Générale\"}, {\"nom\": \"CHEMOUL\", \"prenom\": \"Fabien\", \"savoir_faire\": \"Spécialiste en Médecine Générale\"}, {\"nom\": \"CHERQUI\", \"prenom\": \"Stéphane\", \"savoir_faire\": \"Qualifié en Médecine Générale\"}]"}}, {"type": "Feature", "geometry": {"type": "Point", "coordinates": [2.538795, 48.681565]}, "properties": {"adresse": "20 ROUTE DE BOUSSY SAINT ANTOINE 91480 Quincy-sous-Sénart", "count": 14, "medecins": "[{\"nom\": \"NAHMIASH\", \"prenom\": \"William\", \"savoir_faire\": \"Spécialiste en Médecine Générale\"}, {\"nom\": \"OHNONA\", \"prenom\": \"TRISTAN\", \"savoir_faire\": \"Spécialiste en Médecine Générale\"}, {\"nom\": \"TULIGENGA HIRWA\", \"prenom\": \"RICHARD\", \"savoir_faire\": \"Spécialiste en Médecine Générale\"}, {\"nom\": \"LE ROUX BOUANANI\", \"prenom\": \"Patricia\", \"savoir_faire\": \"Qualifié en Médecine Générale\"}, {\"nom\": \"BEN HAJRIA\", \"prenom\": \"Rabeb\", \"savoir_faire\": \"Spécialiste en Médecine Générale\"}, {\"nom\": \"GREGOIRE\", \"prenom\": \"Céline\", \"savoir_faire\": \"Qualifié en Médecine Générale\"}, {\"nom\": \"GINDRE\", \"prenom\": \"Frédéric\", \"savoir_faire\": \"Spécialiste en Médecine Générale\"}, {\"nom\": \"KHOURI\", \"prenom\": \"SAMY\", \"savoir_faire\": \"Spécialiste en Médecine Générale\"}, {\"nom\": \"UCAN\", \"prenom\": \"Stéphane\", \"savoir_faire\": \"Spécialiste en Médecine Générale\"}, {\"nom\": \"DELPORTO\", \"prenom\": \"Stéphane\", \"savoir_faire\": \"Qualifié en Médecine Générale\"}, {\"nom\": \"GUNGORMEZ\", \"prenom\": \"Ertugrul\", \"savoir_faire\": \"Spécialiste en Médecine Générale\"}, {\"nom\": \"DIDIER\", \"prenom\": \"NADIA\", \"savoir_faire\": \"Spécialiste en Médecine Générale\"}, {\"nom\": \"LETULLE\", \"prenom\": \"Sophie\", \"savoir_faire\": \"Qualifié en Médecine Générale\"}, {\"nom\": \"ZAKINE\", \"prenom\": \"Adrien\", \"savoir_faire\": \"Spécialiste en Médecine Générale\"}]"}}, {"type": "Feature", "geometry": {"type": "Point", "coordinates": [2.438034, 48.61897]}, "properties": {"adresse": "29 RUE DE L ESSONNE 91000 Évry-Courcouronnes", "count": 13, "medecins": "[{\"nom\": \"RASSOU\", \"prenom\": \"Suzanne\", \"savoir_faire\": \"Spécialiste en Médecine Générale\"}, {\"nom\": \"ABA\", \"prenom\": \"Banakoy\", \"savoir_faire\": \"Spécialiste en Médecine Générale\"}, {\"nom\": \"VO VAN\", \"prenom\": \"Pierre\", \"savoir_faire\": \"Qualifié en Médecine Générale\"}, {\"nom\": \"ABA\", \"prenom\": \"Banakoy\", \"savoir_faire\": \"Spécialiste en Médecine Générale\"}, {\"nom\": \"BERGER\", \"prenom\": \"Camille\", \"savoir_faire\": \"Spécialiste en Médecine Générale\"}, {\"nom\": \"ABA\", \"prenom\": \"Banakoy\", \"savoir_faire\": \"Spécialiste en Médecine Générale\"}, {\"nom\": \"BERGER\", \"prenom\": \"Camille\", \"savoir_faire\": \"Spécialiste en Médecine Générale\"}, {\"nom\": \"JEANNIN\", \"prenom\": \"Rodolphe\", \"savoir_faire\": \"Spécialiste en Médecine Générale\"}, {\"nom\": \"LOZE\", \"prenom\": \"Virginie\", \"savoir_faire\": \"Spécialiste en Médecine Générale\"}, {\"nom\": \"ABA\", \"prenom\": \"Banakoy\", \"savoir_faire\": \"Spécialiste en Médecine Générale\"}, {\"nom\": \"BERGER\", \"prenom\": \"Camille\", \"savoir_faire\": \"Spécialiste en Médecine Générale\"}, {\"nom\": \"ABA\", \"prenom\": \"Banakoy\", \"savoir_faire\": \"Spécialiste en Médecine Générale\"}, {\"nom\": \"RAVAT\", \"prenom\": \"Amandine\", \"savoir_faire\": \"Spécialiste en Médecine Générale\"}]"}}, {"type": "Feature", "geometry": {"type": "Point", "coordinates": [2.330699, 48.705178]}, "properties": {"adresse": "30 AVENUE DU CHATEAU 91420 Morangis", "count": 4, "medecins": "[{\"nom\": \"ZEMOUCHE\", \"prenom\": \"Mathieu\", \"savoir_faire\": \"Spécialiste en Médecine Générale\"}, {\"nom\": \"VIGNON\", \"prenom\": \"Katia\", \"savoir_faire\": \"Spécialiste en Médecine Générale\"}, {\"nom\": \"MICHEL\", \"prenom\": \"Angélique\", \"savoir_faire\": \"Spécialiste en Médecine Générale\"}, {\"nom\": \"PERETTI\", \"prenom\": \"Delphine\", \"savoir_faire\": \"Spécialiste en Médecine Générale\"}]"}}, {"type": "Feature", "geometry": {"type": "Point", "coordinates": [2.259459, 48.592039]}, "properties": {"adresse": "1 AVENUE SALVADOR ALLENDE 91180 Saint-Germain-lès-Arpajon", "count": 6, "medecins": "[{\"nom\": \"AMIR MOAZAMI\", \"prenom\": \"Omid\", \"savoir_faire\": \"Spécialiste en Médecine Générale\"}, {\"nom\": \"COUDERT\", \"prenom\": \"Martial\", \"savoir_faire\": \"Spécialiste en Médecine Générale\"}, {\"nom\": \"JULES ETIENNE\", \"prenom\": \"Rolland\", \"savoir_faire\": \"Spécialiste en Médecine Générale\"}, {\"nom\": \"ESTEBAN SOBREVIELA\", \"prenom\": \"José Manuel\", \"savoir_faire\": \"Spécialiste en Médecine Générale\"}, {\"nom\": \"GHAZOUANI\", \"prenom\": \"Afef\", \"savoir_faire\": \"Spécialiste en Médecine Générale\"}, {\"nom\": \"JEDIR\", \"prenom\": \"Haikel\", \"savoir_faire\": \"Spécialiste en Médecine Générale\"}]"}}, {"type": "Feature", "geometry": {"type": "Point", "coordinates": [2.116278, 48.683121]}, "properties": {"adresse": "13 SQUARE DES NEUVERIES 91190 Gif-sur-Yvette", "count": 4, "medecins": "[{\"nom\": \"ARRETO\", \"prenom\": \"Anne-Laure\", \"savoir_faire\": \"Spécialiste en Médecine Générale\"}, {\"nom\": \"DUTHEIL\", \"prenom\": \"Cyrielle\", \"savoir_faire\": \"Spécialiste en Médecine Générale\"}, {\"nom\": \"BOURROUSSE\", \"prenom\": \"Anne-Sophie\", \"savoir_faire\": \"Spécialiste en Médecine Générale\"}, {\"nom\": \"MUSSEAU\", \"prenom\": \"Cécile\", \"savoir_faire\": \"Spécialiste en Médecine Générale\"}]"}}, {"type": "Feature", "geometry": {"type": "Point", "coordinates": [2.438152, 48.636672]}, "properties": {"adresse": "3 SQUARE LA BRUYERE 91000 Évry-Courcouronnes", "count": 2, "medecins": "[{\"nom\": \"SACRABANY\", \"prenom\": \"Sylviane-Marie\", \"savoir_faire\": \"Spécialiste en Médecine Générale\"}, {\"nom\": \"LESAGE\", \"prenom\": \"Isabelle\", \"savoir_faire\": \"Spécialiste en Médecine Générale\"}]"}}, {"type": "Feature", "geometry": {"type": "Point", "coordinates": [2.46817, 48.603738]}, "properties": {"adresse": "26 RUE DE PARIS 91100 Corbeil-Essonnes", "count": 2, "medecins": "[{\"nom\": \"MABUNGU\", \"prenom\": \"Marie\", \"savoir_faire\": \"Spécialiste en Médecine Générale\"}, {\"nom\": \"RAHALI\", \"prenom\": \"Abdelhafid\", \"savoir_faire\": \"Spécialiste en Médecine Générale\"}]"}}, {"type": "Feature", "geometry": {"type": "Point", "coordinates": [2.297902, 48.696882]}, "properties": {"adresse": "5 CHEMIN DU RELAIS 91160 Longjumeau", "count": 3, "medecins": "[{\"nom\": \"BISIO\", \"prenom\": \"Martina\", \"savoir_faire\": \"Spécialiste en Médecine Générale\"}, {\"nom\": \"BASEYA\", \"prenom\": \"Amélie\", \"savoir_faire\": \"Spécialiste en Médecine Générale\"}, {\"nom\": \"NASSAR\", \"prenom\": \"Sonia\", \"savoir_faire\": \"Spécialiste en Médecine Générale\"}]"}}, {"type": "Feature", "geometry": {"type": "Point", "coordinates": [2.479697, 48.594907]}, "properties": {"adresse": "40 CHEMIN DES MOZARDS 91100 Corbeil-Essonnes", "count": 3, "medecins": "[{\"nom\": \"MEDDAHI\", \"prenom\": \"M'Hammed\", \"savoir_faire\": \"Spécialiste en Médecine Générale\"}, {\"nom\": \"BOUTAOUS\", \"prenom\": \"Brahim\", \"savoir_faire\": \"Spécialiste en Médecine Générale\"}, {\"nom\": \"KERROUCHE\", \"prenom\": \"Kamel\", \"savoir_faire\": \"Spécialiste en Médecine Générale\"}]"}}, {"type": "Feature", "geometry": {"type": "Point", "coordinates": [2.160965, 48.711312]}, "properties": {"adresse": "2 ALLEE DES MARGUILLIERS 91190 Gif-sur-Yvette", "count": 4, "medecins": "[{\"nom\": \"GLATIGNY\", \"prenom\": \"Flavie\", \"savoir_faire\": \"Spécialiste en Médecine Générale\"}, {\"nom\": \"LANDRIOT\", \"prenom\": \"Marie\", \"savoir_faire\": \"Spécialiste en Médecine Générale\"}, {\"nom\": \"PUS\", \"prenom\": \"Yves\", \"savoir_faire\": \"Spécialiste en Médecine Générale\"}, {\"nom\": \"SANDRE\", \"prenom\": \"Vanessa\", \"savoir_faire\": \"Spécialiste en Médecine Générale\"}]"}}, {"type": "Feature", "geometry": {"type": "Point", "coordinates": [2.230026, 48.732238]}, "properties": {"adresse": "1 ALLEE DES RUCHERES 91430 Igny", "count": 5, "medecins": "[{\"nom\": \"PIVETEAU\", \"prenom\": \"Sabine\", \"savoir_faire\": \"Spécialiste en Médecine Générale\"}, {\"nom\": \"PRETI\", \"prenom\": \"Henri\", \"savoir_faire\": \"Spécialiste en Médecine Générale\"}, {\"nom\": \"PREVOST\", \"prenom\": \"Léa\", \"savoir_faire\": \"Spécialiste en Médecine Générale\"}, {\"nom\": \"COCO\", \"prenom\": \"Mathie\", \"savoir_faire\": \"Spécialiste en Médecine Générale\"}, {\"nom\": \"DREUX\", \"prenom\": \"Dominique\", \"savoir_faire\": \"Spécialiste en Médecine Générale\"}]"}}, {"type": "Feature", "geometry": {"type": "Point", "coordinates": [2.449848, 48.630861]}, "properties": {"adresse": "2 AVENUE DE MOUSSEAU 91000 Évry-Courcouronnes", "count": 9, "medecins": "[{\"nom\": \"TULIGENGA HIRWA\", \"prenom\": \"RICHARD\", \"savoir_faire\": \"Spécialiste en Médecine Générale\"}, {\"nom\": \"PERROD\", \"prenom\": \"Aurelien\", \"savoir_faire\": \"Spécialiste en Médecine Générale\"}, {\"nom\": \"FANY\", \"prenom\": \"Guy Norbert\", \"savoir_faire\": \"Spécialiste en Médecine Générale\"}, {\"nom\": \"ABDESSELEM\", \"prenom\": \"KHALED\", \"savoir_faire\": \"Médecine Générale\"}, {\"nom\": \"SIVAPALAN\", \"prenom\": \"REKA\", \"savoir_faire\": \"Spécialiste en Médecine Générale\"}, {\"nom\": \"RONDY\", \"prenom\": \"Xavier\", \"savoir_faire\": \"Spécialiste en Médecine Générale\"}, {\"nom\": \"LAURENT\", \"prenom\": \"Jean-Marie\", \"savoir_faire\": \"Spécialiste en Médecine Générale\"}, {\"nom\": \"DIA\", \"prenom\": \"Papa\", \"savoir_faire\": \"Spécialiste en Médecine Générale\"}, {\"nom\": \"GUNGORMEZ\", \"prenom\": \"Ertugrul\", \"savoir_faire\": \"Spécialiste en Médecine Générale\"}]"}}, {"type": "Feature", "geometry": {"type": "Point", "coordinates": [2.386945, 48.691638]}, "properties": {"adresse": "5 RUE LUCIE AUBRAC 91260 Juvisy-sur-Orge", "count": 2, "medecins": "[{\"nom\": \"DULAC\", \"prenom\": \"Lilian\", \"savoir_faire\": \"Spécialiste en Médecine Générale\"}, {\"nom\": \"DAVY\", \"prenom\": \"Adam\", \"savoir_faire\": \"Spécialiste en Médecine Générale\"}]"}}, {"type": "Feature", "geometry": {"type": "Point", "coordinates": [2.454037, 48.645339]}, "properties": {"adresse": "2 RUE DES CHENNEVIERES 91450 Soisy-sur-Seine", "count": 3, "medecins": "[{\"nom\": \"DIALLO\", \"prenom\": \"Mamadou-Ramata\", \"savoir_faire\": \"Spécialiste en Médecine Générale\"}, {\"nom\": \"LAFOSSE\", \"prenom\": \"Rémi\", \"savoir_faire\": \"Spécialiste en Médecine Générale\"}, {\"nom\": \"JUDAS\", \"prenom\": \"Eve-Claire\", \"savoir_faire\": \"Spécialiste en Médecine Générale\"}]"}}, {"type": "Feature", "geometry": {"type": "Point", "coordinates": [2.353446, 48.663895]}, "properties": {"adresse": "3 RUE JULES FERRY 91390 Morsang-sur-Orge", "count": 6, "medecins": "[{\"nom\": \"FEYZLAT\", \"prenom\": \"Soilihi\", \"savoir_faire\": \"Spécialiste en Médecine Générale\"}, {\"nom\": \"FEYZLAT\", \"prenom\": \"Soilihi\", \"savoir_faire\": \"Spécialiste en Médecine Générale\"}, {\"nom\": \"JOLLY\", \"prenom\": \"Guillaume\", \"savoir_faire\": \"Spécialiste en Médecine Générale\"}, {\"nom\": \"ZIGA MBARGA\", \"prenom\": \"Mélisande\", \"savoir_faire\": \"Spécialiste en Médecine Générale\"}, {\"nom\": \"FEYZLAT\", \"prenom\": \"Soilihi\", \"savoir_faire\": \"Spécialiste en Médecine Générale\"}, {\"nom\": \"ESTADIEU\", \"prenom\": \"Christine\", \"savoir_faire\": \"Spécialiste en Médecine Générale\"}]"}}, {"type": "Feature", "geometry": {"type": "Point", "coordinates": [2.37994, 48.658639]}, "properties": {"adresse": "10 CHEMIN DU MOULIN 91350 Grigny", "count": 2, "medecins": "[{\"nom\": \"CHEURFI\", \"prenom\": \"Omar\", \"savoir_faire\": \"Spécialiste en Médecine Générale\"}, {\"nom\": \"GELARD\", \"prenom\": \"Marie-Anne\", \"savoir_faire\": \"Qualifié en Médecine Générale\"}]"}}, {"type": "Feature", "geometry": {"type": "Point", "coordinates": [2.316597, 48.703643]}, "properties": {"adresse": "34 RUE FRANCOIS MOUTHON 91380 Chilly-Mazarin", "count": 2, "medecins": "[{\"nom\": \"RAVELOSON\", \"prenom\": \"Jordanne\", \"savoir_faire\": \"Spécialiste en Médecine Générale\"}, {\"nom\": \"QUEDEVILLE\", \"prenom\": \"Fabien\", \"savoir_faire\": \"Spécialiste en Médecine Générale\"}]"}}, {"type": "Feature", "geometry": {"type": "Point", "coordinates": [2.432581, 48.633546]}, "properties": {"adresse": "203 RUE PIERRE ET MARIE CURIE 91024 Évry-Courcouronnes", "count": 7, "medecins": "[{\"nom\": \"MAHFOUDHI GUETARI\", \"prenom\": \"Nesrine\", \"savoir_faire\": \"Spécialiste en Médecine Générale\"}, {\"nom\": \"LACOUR\", \"prenom\": \"Christiane\", \"savoir_faire\": \"Spécialiste en Médecine Générale\"}, {\"nom\": \"DENIDENI\", \"prenom\": \"Larbi\", \"savoir_faire\": \"Spécialiste en Médecine Générale\"}, {\"nom\": \"KIALA\", \"prenom\": \"Flavia Maria Castelo\", \"savoir_faire\": \"Spécialiste en Médecine Générale\"}, {\"nom\": \"PREAU\", \"prenom\": \"Françoise\", \"savoir_faire\": \"Qualifié en Médecine Générale\"}, {\"nom\": \"SONG MATHA\", \"prenom\": \"David\", \"savoir_faire\": \"Spécialiste en Médecine Générale\"}, {\"nom\": \"AFFES\", \"prenom\": \"Zied\", \"savoir_faire\": \"Spécialiste en Médecine Générale\"}]"}}, {"type": "Feature", "geometry": {"type": "Point", "coordinates": [2.425746, 48.638581]}, "properties": {"adresse": "1 RUE DE LA CLAIRIERE 91024 Évry-Courcouronnes", "count": 6, "medecins": "[{\"nom\": \"KHALFAOUI\", \"prenom\": \"Dorra\", \"savoir_faire\": \"Spécialiste en Médecine Générale\"}, {\"nom\": \"KHALFAOUI\", \"prenom\": \"Kamelia\", \"savoir_faire\": \"Spécialiste en Médecine Générale\"}, {\"nom\": \"ABUMOUSA\", \"prenom\": \"Yahya\", \"savoir_faire\": \"Spécialiste en Médecine Générale\"}, {\"nom\": \"DAOUDI\", \"prenom\": \"Benjamin\", \"savoir_faire\": \"Spécialiste en Médecine Générale\"}, {\"nom\": \"AMMAR STAALI\", \"prenom\": \"Ryef\", \"savoir_faire\": \"Spécialiste en Médecine Générale\"}, {\"nom\": \"BEN OTHMAN\", \"prenom\": \"Nader\", \"savoir_faire\": \"Spécialiste en Médecine Générale\"}]"}}, {"type": "Feature", "geometry": {"type": "Point", "coordinates": [2.001306, 48.533504]}, "properties": {"adresse": "2 RUE DU POTELET 91410 Dourdan", "count": 3, "medecins": "[{\"nom\": \"KHALFAOUI\", \"prenom\": \"Dorra\", \"savoir_faire\": \"Spécialiste en Médecine Générale\"}, {\"nom\": \"AMMAR STAALI\", \"prenom\": \"Ryef\", \"savoir_faire\": \"Spécialiste en Médecine Générale\"}, {\"nom\": \"DAOUDI\", \"prenom\": \"Benjamin\", \"savoir_faire\": \"Spécialiste en Médecine Générale\"}]"}}, {"type": "Feature", "geometry": {"type": "Point", "coordinates": [2.423072, 48.625261]}, "properties": {"adresse": "322 SQUARE DES CHAMPS ELYSEES 91000 Évry-Courcouronnes", "count": 1, "medecins": "[{\"nom\": \"DARWICH\", \"prenom\": \"Tammam\", \"savoir_faire\": \"Spécialiste en Médecine Générale\"}]"}}, {"type": "Feature", "geometry": {"type": "Point", "coordinates": [2.334424, 48.643568]}, "properties": {"adresse": "65 ROUTE DE CORBEIL 91700 Sainte-Geneviève-des-Bois", "count": 1, "medecins": "[{\"nom\": \"DAVID\", \"prenom\": \"Félicia\", \"savoir_faire\": \"Spécialiste en Médecine Générale\"}]"}}, {"type": "Feature", "geometry": {"type": "Point", "coordinates": [2.475897, 48.610278]}, "properties": {"adresse": "25 ALLEE ARISTIDE BRIAND 91100 Corbeil-Essonnes", "count": 1, "medecins": "[{\"nom\": \"PIOT\", \"prenom\": \"Christine\", \"savoir_faire\": \"Spécialiste en Médecine Générale\"}]"}}, {"type": "Feature", "geometry": {"type": "Point", "coordinates": [2.193521, 48.696125]}, "properties": {"adresse": "84 RUE DE PARIS 91400 Orsay", "count": 2, "medecins": "[{\"nom\": \"AUTIN\", \"prenom\": \"François\", \"savoir_faire\": \"Qualifié en Médecine Générale\"}, {\"nom\": \"AUTIN\", \"prenom\": \"Evelyne\", \"savoir_faire\": \"Qualifié en Médecine Générale\"}]"}}, {"type": "Feature", "geometry": {"type": "Point", "coordinates": [2.328743, 48.671991]}, "properties": {"adresse": "8 RUE DE LA GARE 91360 Épinay-sur-Orge", "count": 1, "medecins": "[{\"nom\": \"REBOT\", \"prenom\": \"Joseph\", \"savoir_faire\": \"Spécialiste en Médecine Générale\"}]"}}, {"type": "Feature", "geometry": {"type": "Point", "coordinates": [2.153539, 48.438677]}, "properties": {"adresse": "7 RUE HENRI FARMAN 91150 Étampes", "count": 1, "medecins": "[{\"nom\": \"ENGLER\", \"prenom\": \"DANIEL\", \"savoir_faire\": \"Spécialiste en Médecine Générale\"}]"}}, {"type": "Feature", "geometry": {"type": "Point", "coordinates": [2.071182, 48.641952]}, "properties": {"adresse": "12 RUE DES CENDRIERES 91470 Limours", "count": 1, "medecins": "[{\"nom\": \"TURBELIN\", \"prenom\": \"Éric\", \"savoir_faire\": \"Médecine Générale\"}]"}}, {"type": "Feature", "geometry": {"type": "Point", "coordinates": [2.327454, 48.673962]}, "properties": {"adresse": "17 RUE DE PETIT VAUX 91360 Épinay-sur-Orge", "count": 1, "medecins": "[{\"nom\": \"TARDIF\", \"prenom\": \"Philippe\", \"savoir_faire\": \"Qualifié en Médecine Générale\"}]"}}, {"type": "Feature", "geometry": {"type": "Point", "coordinates": [2.501226, 48.713776]}, "properties": {"adresse": "124 RUE RAYMOND POINCARE 91330 Yerres", "count": 2, "medecins": "[{\"nom\": \"ULLIAC\", \"prenom\": \"Thierry\", \"savoir_faire\": \"Spécialiste en Médecine Générale\"}, {\"nom\": \"DELAVEAU\", \"prenom\": \"Nathalie\", \"savoir_faire\": \"Qualifié en Médecine Générale\"}]"}}, {"type": "Feature", "geometry": {"type": "Point", "coordinates": [2.271642, 48.638021]}, "properties": {"adresse": "8 GRANDE RUE 91310 Montlhéry", "count": 1, "medecins": "[{\"nom\": \"CIESLA\", \"prenom\": \"Eloïsa\", \"savoir_faire\": \"Médecine Générale\"}]"}}, {"type": "Feature", "geometry": {"type": "Point", "coordinates": [2.530265, 48.676522]}, "properties": {"adresse": "45 RUE DE BRUNOY 91480 Quincy-sous-Sénart", "count": 8, "medecins": "[{\"nom\": \"PEDEZERT\", \"prenom\": \"Frédéric\", \"savoir_faire\": \"Spécialiste en Médecine Générale\"}, {\"nom\": \"CHERUBINI\", \"prenom\": \"Didier\", \"savoir_faire\": \"Spécialiste en Médecine Générale\"}, {\"nom\": \"VIEIRA\", \"prenom\": \"ANA\", \"savoir_faire\": \"Spécialiste en Médecine Générale\"}, {\"nom\": \"GAFSOU\", \"prenom\": \"Elie\", \"savoir_faire\": \"Spécialiste en Médecine Générale\"}, {\"nom\": \"BOUSSAIR\", \"prenom\": \"Naïma\", \"savoir_faire\": \"Spécialiste en Médecine Générale\"}, {\"nom\": \"GAGNEUX\", \"prenom\": \"Christine\", \"savoir_faire\": \"Spécialiste en Médecine Générale\"}, {\"nom\": \"FACHE\", \"prenom\": \"Jean-François\", \"savoir_faire\": \"Spécialiste en Médecine Générale\"}, {\"nom\": \"COUFFIN\", \"prenom\": \"Olivier\", \"savoir_faire\": \"Spécialiste en Médecine Générale\"}]"}}, {"type": "Feature", "geometry": {"type": "Point", "coordinates": [2.288899, 48.686204]}, "properties": {"adresse": "9 RUE DE LA MARNE 91160 Longjumeau", "count": 6, "medecins": "[{\"nom\": \"GRYSON\", \"prenom\": \"Christophe\", \"savoir_faire\": \"Spécialiste en Médecine Générale\"}, {\"nom\": \"LANOE\", \"prenom\": \"Jeanne\", \"savoir_faire\": \"Spécialiste en Médecine Générale\"}, {\"nom\": \"GRYSON\", \"prenom\": \"Margaux\", \"savoir_faire\": \"Spécialiste en Médecine Générale\"}, {\"nom\": \"GRYSON\", \"prenom\": \"Margaux\", \"savoir_faire\": \"Spécialiste en Médecine Générale\"}, {\"nom\": \"RABES\", \"prenom\": \"Lauriane\", \"savoir_faire\": \"Spécialiste en Médecine Générale\"}, {\"nom\": \"SARAFIAN\", \"prenom\": \"Pierre\", \"savoir_faire\": \"Spécialiste en Médecine Générale\"}]"}}, {"type": "Feature", "geometry": {"type": "Point", "coordinates": [2.510272, 48.638964]}, "properties": {"adresse": "32 ROUTE DE LIEUSAINT 91250 Tigery", "count": 2, "medecins": "[{\"nom\": \"VIENOT\", \"prenom\": \"Philippe\", \"savoir_faire\": \"Qualifié en Médecine Générale\"}, {\"nom\": \"PLATEK\", \"prenom\": \"Andrzej\", \"savoir_faire\": \"Spécialiste en Médecine Générale\"}]"}}, {"type": "Feature", "geometry": {"type": "Point", "coordinates": [2.439315, 48.68981]}, "properties": {"adresse": "4 PLACE DES 4 SAISONS 91270 Vigneux-sur-Seine", "count": 6, "medecins": "[{\"nom\": \"BERTHO\", \"prenom\": \"Nicolas\", \"savoir_faire\": \"Qualifié en Médecine Générale\"}, {\"nom\": \"LEHOT\", \"prenom\": \"Frank\", \"savoir_faire\": \"Spécialiste en Médecine Générale\"}, {\"nom\": \"JIN\", \"prenom\": \"Bang Lun\", \"savoir_faire\": \"Spécialiste en Médecine Générale\"}, {\"nom\": \"MACOMBE\", \"prenom\": \"Yves\", \"savoir_faire\": \"Spécialiste en Médecine Générale\"}, {\"nom\": \"BASLER\", \"prenom\": \"Bertrand\", \"savoir_faire\": \"Spécialiste en Médecine Générale\"}, {\"nom\": \"PARTOUCHE\", \"prenom\": \"Nathalie\", \"savoir_faire\": \"Qualifié en Médecine Générale\"}]"}}, {"type": "Feature", "geometry": {"type": "Point", "coordinates": [2.416434, 48.70023]}, "properties": {"adresse": "48 RUE PIERRE MARIN 91270 Vigneux-sur-Seine", "count": 1, "medecins": "[{\"nom\": \"FIANI\", \"prenom\": \"Nabil\", \"savoir_faire\": \"Spécialiste en Médecine Générale\"}]"}}, {"type": "Feature", "geometry": {"type": "Point", "coordinates": [2.404034, 48.656922]}, "properties": {"adresse": "17 AVENUE DE RIGNY 91130 Ris-Orangis", "count": 1, "medecins": "[{\"nom\": \"ADICOLLE METOUL\", \"prenom\": \"Jean-Michel\", \"savoir_faire\": \"Médecine Générale\"}]"}}, {"type": "Feature", "geometry": {"type": "Point", "coordinates": [2.375679, 48.394273]}, "properties": {"adresse": "3 ROUTE DE LA FERTE ALAIS 91720 Maisse", "count": 4, "medecins": "[{\"nom\": \"SPORTIELLO\", \"prenom\": \"Edouard\", \"savoir_faire\": \"Qualifié en Médecine Générale\"}, {\"nom\": \"LUCCA\", \"prenom\": \"Clément\", \"savoir_faire\": \"Qualifié en Médecine Générale\"}, {\"nom\": \"LUCCA BEURIER\", \"prenom\": \"Nathalie\", \"savoir_faire\": \"Qualifié en Médecine Générale\"}, {\"nom\": \"PAUL\", \"prenom\": \"Emilie\", \"savoir_faire\": \"Spécialiste en Médecine Générale\"}]"}}, {"type": "Feature", "geometry": {"type": "Point", "coordinates": [2.48858, 48.710287]}, "properties": {"adresse": "24 RUE GABRIEL PERI 91330 Yerres", "count": 1, "medecins": "[{\"nom\": \"ANTOGNARELLI-DUBREUIL\", \"prenom\": \"Léna\", \"savoir_faire\": \"Qualifié en Médecine Générale\"}]"}}, {"type": "Feature", "geometry": {"type": "Point", "coordinates": [2.262128, 48.736225]}, "properties": {"adresse": "24 ALLEE ALBERT THOMAS 91300 Massy", "count": 3, "medecins": "[{\"nom\": \"PILLON\", \"prenom\": \"Véronique\", \"savoir_faire\": \"Qualifié en Médecine Générale\"}, {\"nom\": \"BOYER\", \"prenom\": \"Laurent\", \"savoir_faire\": \"Qualifié en Médecine Générale\"}, {\"nom\": \"VACHER\", \"prenom\": \"Hélène\", \"savoir_faire\": \"Spécialiste en Médecine Générale\"}]"}}, {"type": "Feature", "geometry": {"type": "Point", "coordinates": [2.329451, 48.703017]}, "properties": {"adresse": "62 AVENUE PIERRE CORNEILLE 91420 Morangis", "count": 3, "medecins": "[{\"nom\": \"KIM\", \"prenom\": \"Nina\", \"savoir_faire\": \"Qualifié en Médecine Générale\"}, {\"nom\": \"FRELAT\", \"prenom\": \"Emilie\", \"savoir_faire\": \"Spécialiste en Médecine Générale\"}, {\"nom\": \"GILLE NOGUES\", \"prenom\": \"Colette\", \"savoir_faire\": \"Qualifié en Médecine Générale\"}]"}}, {"type": "Feature", "geometry": {"type": "Point", "coordinates": [2.257786, 48.728099]}, "properties": {"adresse": "1 RUE KONRAD ADENAUER 91300 Massy", "count": 1, "medecins": "[{\"nom\": \"EM-NGOURN\", \"prenom\": \"Malyda\", \"savoir_faire\": \"Spécialiste en Médecine Générale\"}]"}}, {"type": "Feature", "geometry": {"type": "Point", "coordinates": [2.125126, 48.554894]}, "properties": {"adresse": "6 RUE DES ECOLES 91530 Saint-Chéron", "count": 2, "medecins": "[{\"nom\": \"RENAULT\", \"prenom\": \"Robin\", \"savoir_faire\": \"Qualifié en Médecine Générale\"}, {\"nom\": \"OSSONA DE MENDEZ\", \"prenom\": \"Stéphane\", \"savoir_faire\": \"Qualifié en Médecine Générale\"}]"}}, {"type": "Feature", "geometry": {"type": "Point", "coordinates": [2.46641, 48.406906]}, "properties": {"adresse": "28 RUE DES FONTAINES 91490 Milly-la-Forêt", "count": 1, "medecins": "[{\"nom\": \"DREYFUS\", \"prenom\": \"Frédérique\", \"savoir_faire\": \"Qualifié en Médecine Générale\"}]"}}, {"type": "Feature", "geometry": {"type": "Point", "coordinates": [2.491284, 48.597675]}, "properties": {"adresse": "2 RUE DES VERGERS 91250 Saintry-sur-Seine", "count": 1, "medecins": "[{\"nom\": \"LOTTIN\", \"prenom\": \"François\", \"savoir_faire\": \"Spécialiste en Médecine Générale\"}]"}}, {"type": "Feature", "geometry": {"type": "Point", "coordinates": [2.284191, 48.634016]}, "properties": {"adresse": "44 CHEMIN DE LA GUAYERE 91310 Longpont-sur-Orge", "count": 1, "medecins": "[{\"nom\": \"LEPETIT\", \"prenom\": \"Fabienne\", \"savoir_faire\": \"Qualifié en Médecine Générale\"}]"}}, {"type": "Feature", "geometry": {"type": "Point", "coordinates": [2.186788, 48.564499]}, "properties": {"adresse": "32 ROUTE DE BOISSY 91650 Saint-Yon", "count": 1, "medecins": "[{\"nom\": \"BESSIS\", \"prenom\": \"Michel\", \"savoir_faire\": \"Spécialiste en Médecine Générale\"}]"}}, {"type": "Feature", "geometry": {"type": "Point", "coordinates": [2.265871, 48.691938]}, "properties": {"adresse": "46 RUE DE LA DIVISION LECLERC 91160 Saulx-les-Chartreux", "count": 4, "medecins": "[{\"nom\": \"JANOT\", \"prenom\": \"Christine\", \"savoir_faire\": \"Spécialiste en Médecine Générale\"}, {\"nom\": \"TRIBAUDOT-RIBIERE\", \"prenom\": \"Hélène\", \"savoir_faire\": \"Spécialiste en Médecine Générale\"}, {\"nom\": \"HAMON-ALFONSI\", \"prenom\": \"Isilde\", \"savoir_faire\": \"Qualifié en Médecine Générale\"}, {\"nom\": \"GIRARD\", \"prenom\": \"Vincent\", \"savoir_faire\": \"Spécialiste en Médecine Générale\"}]"}}, {"type": "Feature", "geometry": {"type": "Point", "coordinates": [2.445018, 48.53254]}, "properties": {"adresse": "19 RUE DE LA LIBERATION 91750 Chevannes", "count": 19, "medecins": "[{\"nom\": \"GUILBAUD\", \"prenom\": \"Mathieu\", \"savoir_faire\": \"Spécialiste en Médecine Générale\"}, {\"nom\": \"TRAN-MINH\", \"prenom\": \"Giam\", \"savoir_faire\": \"Spécialiste en Médecine Générale\"}, {\"nom\": \"ROUSSELLE\", \"prenom\": \"Maxime\", \"savoir_faire\": \"Spécialiste en Médecine Générale\"}, {\"nom\": \"CATHELINEAU\", \"prenom\": \"Charline\", \"savoir_faire\": \"Spécialiste en Médecine Générale\"}, {\"nom\": \"FRITZ\", \"prenom\": \"Alain\", \"savoir_faire\": \"Qualifié en Médecine Générale\"}, {\"nom\": \"BROCAIL\", \"prenom\": \"Pierre-Emmanuel\", \"savoir_faire\": \"Spécialiste en Médecine Générale\"}, {\"nom\": \"BOUTALOULA\", \"prenom\": \"Rafik\", \"savoir_faire\": \"Spécialiste en Médecine Générale\"}, {\"nom\": \"LE\", \"prenom\": \"Michel\", \"savoir_faire\": \"Spécialiste en Médecine Générale\"}, {\"nom\": \"POIRY\", \"prenom\": \"Patrice\", \"savoir_faire\": \"Spécialiste en Médecine Générale\"}, {\"nom\": \"VALLEE\", \"prenom\": \"Olivier\", \"savoir_faire\": \"Qualifié en Médecine Générale\"}, {\"nom\": \"DIONIS DU SEJOUR\", \"prenom\": \"Pierre\", \"savoir_faire\": \"Spécialiste en Médecine Générale\"}, {\"nom\": \"GRACCHUS\", \"prenom\": \"Clément\", \"savoir_faire\": \"Spécialiste en Médecine Générale\"}, {\"nom\": \"TA\", \"prenom\": \"Trung Hung\", \"savoir_faire\": \"Qualifié en Médecine Générale\"}, {\"nom\": \"BABET\", \"prenom\": \"Patrick\", \"savoir_faire\": \"Spécialiste en Médecine Générale\"}, {\"nom\": \"GOURGOUSSE\", \"prenom\": \"Pascal\", \"savoir_faire\": \"Qualifié en Médecine Générale\"}, {\"nom\": \"LESTIN JOVER\", \"prenom\": \"Violaine\", \"savoir_faire\": \"Spécialiste en Médecine Générale\"}, {\"nom\": \"DUJOLS\", \"prenom\": \"Alain\", \"savoir_faire\": \"Qualifié en Médecine Générale\"}, {\"nom\": \"LUCE\", \"prenom\": \"Matthieu\", \"savoir_faire\": \"Spécialiste en Médecine Générale\"}, {\"nom\": \"BAH\", \"prenom\": \"Ibrahim\", \"savoir_faire\": \"Spécialiste en Médecine Générale\"}]"}}, {"type": "Feature", "geometry": {"type": "Point", "coordinates": [2.185457, 48.488623]}, "properties": {"adresse": "7 RUE DU MOULIN A VENT 91580 Étréchy", "count": 4, "medecins": "[{\"nom\": \"JOLY\", \"prenom\": \"Bénédicte\", \"savoir_faire\": \"Qualifié en Médecine Générale\"}, {\"nom\": \"BOULAIS\", \"prenom\": \"Stéphane\", \"savoir_faire\": \"Médecine Générale\"}, {\"nom\": \"CERF\", \"prenom\": \"LUC\", \"savoir_faire\": \"Qualifié en Médecine Générale\"}, {\"nom\": \"BROUSSE\", \"prenom\": \"Sophie\", \"savoir_faire\": \"Qualifié en Médecine Générale\"}]"}}, {"type": "Feature", "geometry": {"type": "Point", "coordinates": [2.432374, 48.703859]}, "properties": {"adresse": "67 RUE VICTOR HUGO 91270 Vigneux-sur-Seine", "count": 1, "medecins": "[{\"nom\": \"BERSON\", \"prenom\": \"Marie-pierre\", \"savoir_faire\": \"Spécialiste en Médecine Générale\"}]"}}, {"type": "Feature", "geometry": {"type": "Point", "coordinates": [2.321422, 48.636041]}, "properties": {"adresse": "48 RUE BERLIOZ 91240 Saint-Michel-sur-Orge", "count": 6, "medecins": "[{\"nom\": \"GUIOT-DUCARNE\", \"prenom\": \"Emeline\", \"savoir_faire\": \"Spécialiste en Médecine Générale\"}, {\"nom\": \"LECOCQ\", \"prenom\": \"Marlène\", \"savoir_faire\": \"Qualifié en Médecine Générale\"}, {\"nom\": \"VACHER\", \"prenom\": \"Sandrine\", \"savoir_faire\": \"Qualifié en Médecine Générale\"}, {\"nom\": \"COLLET\", \"prenom\": \"Valérie\", \"savoir_faire\": \"Qualifié en Médecine Générale\"}, {\"nom\": \"LUCIANI\", \"prenom\": \"Laurent\", \"savoir_faire\": \"Spécialiste en Médecine Générale\"}, {\"nom\": \"CARREAU\", \"prenom\": \"Nicolas\", \"savoir_faire\": \"Qualifié en Médecine Générale\"}]"}}, {"type": "Feature", "geometry": {"type": "Point", "coordinates": [2.355025, 48.677928]}, "properties": {"adresse": "17 RUE CAMILLE CLAUDEL 91600 Savigny-sur-Orge", "count": 1, "medecins": "[{\"nom\": \"DESMEDT\", \"prenom\": \"FARIDA\", \"savoir_faire\": \"Spécialiste en Médecine Générale\"}]"}}, {"type": "Feature", "geometry": {"type": "Point", "coordinates": [2.179826, 48.708119]}, "properties": {"adresse": "2 SENTIER DE LA VOIE VERTE 91400 Orsay", "count": 2, "medecins": "[{\"nom\": \"BANANEH\", \"prenom\": \"Ahmed\", \"savoir_faire\": \"Spécialiste en Médecine Générale\"}, {\"nom\": \"DÉGEZ\", \"prenom\": \"Quentin\", \"savoir_faire\": \"Spécialiste en Médecine Générale\"}]"}}, {"type": "Feature", "geometry": {"type": "Point", "coordinates": [2.330355, 48.684739]}, "properties": {"adresse": "2 PLACE BEAUMARCHAIS 91600 Savigny-sur-Orge", "count": 2, "medecins": "[{\"nom\": \"OLIVIER\", \"prenom\": \"Cédric\", \"savoir_faire\": \"Qualifié en Médecine Générale\"}, {\"nom\": \"EL FIRAR\", \"prenom\": \"AADIL\", \"savoir_faire\": \"Spécialiste en Médecine Générale\"}]"}}, {"type": "Feature", "geometry": {"type": "Point", "coordinates": [2.326208, 48.673599]}, "properties": {"adresse": "7 RUE DES ECOLES 91360 Épinay-sur-Orge", "count": 1, "medecins": "[{\"nom\": \"BENOAGA\", \"prenom\": \"MONICA ADRIANA\", \"savoir_faire\": \"Spécialiste en Médecine Générale\"}]"}}, {"type": "Feature", "geometry": {"type": "Point", "coordinates": [2.075807, 48.647243]}, "properties": {"adresse": "6 RUE DE LA BRELANDIERE 91470 Limours", "count": 7, "medecins": "[{\"nom\": \"BIRON\", \"prenom\": \"Audrey\", \"savoir_faire\": \"Spécialiste en Médecine Générale\"}, {\"nom\": \"GUYADER\", \"prenom\": \"Céline\", \"savoir_faire\": \"Spécialiste en Médecine Générale\"}, {\"nom\": \"HARDY\", \"prenom\": \"Amélie\", \"savoir_faire\": \"Qualifié en Médecine Générale\"}, {\"nom\": \"COULONNIER\", \"prenom\": \"Candice\", \"savoir_faire\": \"Spécialiste en Médecine Générale\"}, {\"nom\": \"POURQUIE\", \"prenom\": \"Caroline\", \"savoir_faire\": \"Qualifié en Médecine Générale\"}, {\"nom\": \"BLAZIT\", \"prenom\": \"Michel\", \"savoir_faire\": \"Spécialiste en Médecine Générale\"}, {\"nom\": \"LÉRAT\", \"prenom\": \"Maxime\", \"savoir_faire\": \"Spécialiste en Médecine Générale\"}]"}}, {"type": "Feature", "geometry": {"type": "Point", "coordinates": [2.270511, 48.752071]}, "properties": {"adresse": "1 VOIE DE L AULNE 91370 Verrières-le-Buisson", "count": 5, "medecins": "[{\"nom\": \"CARRIE\", \"prenom\": \"Orianne\", \"savoir_faire\": \"Spécialiste en Médecine Générale\"}, {\"nom\": \"ANDRIANTSOA\", \"prenom\": \"Chloé\", \"savoir_faire\": \"Spécialiste en Médecine Générale\"}, {\"nom\": \"LEONARD\", \"prenom\": \"Laëtitia\", \"savoir_faire\": \"Spécialiste en Médecine Générale\"}, {\"nom\": \"PRADALIER\", \"prenom\": \"Clément\", \"savoir_faire\": \"Spécialiste en Médecine Générale\"}, {\"nom\": \"PROFETA\", \"prenom\": \"Maxime\", \"savoir_faire\": \"Spécialiste en Médecine Générale\"}]"}}, {"type": "Feature", "geometry": {"type": "Point", "coordinates": [2.463701, 48.701289]}, "properties": {"adresse": "7 RUE POVOA DE VARZIM 91230 Montgeron", "count": 1, "medecins": "[{\"nom\": \"ORSEAU\", \"prenom\": \"Nicolas\", \"savoir_faire\": \"Spécialiste en Médecine Générale\"}]"}}, {"type": "Feature", "geometry": {"type": "Point", "coordinates": [2.450291, 48.563904]}, "properties": {"adresse": "4 RUE GEORGE SAND 91540 Mennecy", "count": 2, "medecins": "[{\"nom\": \"SPOOR\", \"prenom\": \"Nathaniel\", \"savoir_faire\": \"Spécialiste en Médecine Générale\"}, {\"nom\": \"SORRE\", \"prenom\": \"Amandine\", \"savoir_faire\": \"Spécialiste en Médecine Générale\"}]"}}, {"type": "Feature", "geometry": {"type": "Point", "coordinates": [2.097852, 48.628077]}, "properties": {"adresse": "1 PLACE DU GENERAL LECLERC 91470 Forges-les-Bains", "count": 7, "medecins": "[{\"nom\": \"HLAVACEK\", \"prenom\": \"Sabrina\", \"savoir_faire\": \"Spécialiste en Médecine Générale\"}, {\"nom\": \"RUGGIU\", \"prenom\": \"Laurent\", \"savoir_faire\": \"Qualifié en Médecine Générale\"}, {\"nom\": \"ISLA Y ORTIZ\", \"prenom\": \"Grâce\", \"savoir_faire\": \"Spécialiste en Médecine Générale\"}, {\"nom\": \"GROSSEMY\", \"prenom\": \"Anaëlle\", \"savoir_faire\": \"Spécialiste en Médecine Générale\"}, {\"nom\": \"CHAREUNPHOL\", \"prenom\": \"Ida\", \"savoir_faire\": \"Spécialiste en Médecine Générale\"}, {\"nom\": \"GROSSEMY\", \"prenom\": \"Anaëlle\", \"savoir_faire\": \"Spécialiste en Médecine Générale\"}, {\"nom\": \"GROSSEMY\", \"prenom\": \"Anaëlle\", \"savoir_faire\": \"Spécialiste en Médecine Générale\"}]"}}, {"type": "Feature", "geometry": {"type": "Point", "coordinates": [2.411643, 48.686352]}, "properties": {"adresse": "6 RUE JEAN MOULIN 91210 Draveil", "count": 2, "medecins": "[{\"nom\": \"DOMINIQUE\", \"prenom\": \"Mandy\", \"savoir_faire\": \"Spécialiste en Médecine Générale\"}, {\"nom\": \"LOUT\", \"prenom\": \"Vincent\", \"savoir_faire\": \"Spécialiste en Médecine Générale\"}]"}}, {"type": "Feature", "geometry": {"type": "Point", "coordinates": [2.369099, 48.439262]}, "properties": {"adresse": "79 RUE DE LA FERTE ALAIS 91820 Boutigny-sur-Essonne", "count": 2, "medecins": "[{\"nom\": \"AIORDACHIOAIE\", \"prenom\": \"Alexandru-Tudorel\", \"savoir_faire\": \"Spécialiste en Médecine Générale\"}, {\"nom\": \"CHUI\", \"prenom\": \"Evelyne\", \"savoir_faire\": \"Spécialiste en Médecine Générale\"}]"}}, {"type": "Feature", "geometry": {"type": "Point", "coordinates": [2.33855, 48.655075]}, "properties": {"adresse": "77 ROUTE DE CORBEIL 91390 Morsang-sur-Orge", "count": 4, "medecins": "[{\"nom\": \"LEGRAND\", \"prenom\": \"Julie\", \"savoir_faire\": \"Spécialiste en Médecine Générale\"}, {\"nom\": \"BONIFAY\", \"prenom\": \"Valériane\", \"savoir_faire\": \"Spécialiste en Médecine Générale\"}, {\"nom\": \"MALMARTEL\", \"prenom\": \"Alexandre\", \"savoir_faire\": \"Spécialiste en Médecine Générale\"}, {\"nom\": \"BONIFAY\", \"prenom\": \"Valériane\", \"savoir_faire\": \"Spécialiste en Médecine Générale\"}]"}}, {"type": "Feature", "geometry": {"type": "Point", "coordinates": [2.392304, 48.652883]}, "properties": {"adresse": "12 PLACE HENRI BARBUSSE 91350 Grigny", "count": 2, "medecins": "[{\"nom\": \"AMMAR BOUDJELLAL\", \"prenom\": \"Nabil\", \"savoir_faire\": \"Spécialiste en Médecine Générale\"}, {\"nom\": \"KAMGA\", \"prenom\": \"Victor André\", \"savoir_faire\": \"Spécialiste en Médecine Générale\"}]"}}, {"type": "Feature", "geometry": {"type": "Point", "coordinates": [2.52221, 48.694893]}, "properties": {"adresse": "1 RUE MASSENET 91860 Épinay-sous-Sénart", "count": 6, "medecins": "[{\"nom\": \"WINTER\", \"prenom\": \"Françoise\", \"savoir_faire\": \"Spécialiste en Médecine Générale\"}, {\"nom\": \"CALDAROLA\", \"prenom\": \"Sarah\", \"savoir_faire\": \"Spécialiste en Médecine Générale\"}, {\"nom\": \"CASELLI\", \"prenom\": \"Florian\", \"savoir_faire\": \"Spécialiste en Médecine Générale\"}, {\"nom\": \"DESMONS\", \"prenom\": \"Agathe\", \"savoir_faire\": \"Spécialiste en Médecine Générale\"}, {\"nom\": \"ZARD\", \"prenom\": \"Emilie\", \"savoir_faire\": \"Spécialiste en Médecine Générale\"}, {\"nom\": \"QUINT\", \"prenom\": \"Jean Yves\", \"savoir_faire\": \"Qualifié en Médecine Générale\"}]"}}, {"type": "Feature", "geometry": {"type": "Point", "coordinates": [2.29984, 48.607783]}, "properties": {"adresse": "21 RUE DU PARC 91220 Brétigny-sur-Orge", "count": 2, "medecins": "[{\"nom\": \"ALOUANI\", \"prenom\": \"IMEN\", \"savoir_faire\": \"Spécialiste en Médecine Générale\"}, {\"nom\": \"CHEBLI\", \"prenom\": \"Hacene\", \"savoir_faire\": \"Spécialiste en Médecine Générale\"}]"}}, {"type": "Feature", "geometry": {"type": "Point", "coordinates": [2.362953, 48.704981]}, "properties": {"adresse": "4 RUE DE LENTENTE 91200 Athis-Mons", "count": 6, "medecins": "[{\"nom\": \"KIEFFER\", \"prenom\": \"Edouard\", \"savoir_faire\": \"Spécialiste en Médecine Générale\"}, {\"nom\": \"RADIX\", \"prenom\": \"Marion\", \"savoir_faire\": \"Spécialiste en Médecine Générale\"}, {\"nom\": \"PRAUD\", \"prenom\": \"Alexandra\", \"savoir_faire\": \"Spécialiste en Médecine Générale\"}, {\"nom\": \"SALDANHA-GOMES\", \"prenom\": \"Cécilia\", \"savoir_faire\": \"Spécialiste en Médecine Générale\"}, {\"nom\": \"MAYNART\", \"prenom\": \"Auriane\", \"savoir_faire\": \"Spécialiste en Médecine Générale\"}, {\"nom\": \"MULA\", \"prenom\": \"Lucyl\", \"savoir_faire\": \"Spécialiste en Médecine Générale\"}]"}}, {"type": "Feature", "geometry": {"type": "Point", "coordinates": [2.267307, 48.727527]}, "properties": {"adresse": "15 RUE MARCO POLO 91300 Massy", "count": 1, "medecins": "[{\"nom\": \"ZOUAOUI\", \"prenom\": \"Samia\", \"savoir_faire\": \"Spécialiste en Médecine Générale\"}]"}}, {"type": "Feature", "geometry": {"type": "Point", "coordinates": [2.271403, 48.644253]}, "properties": {"adresse": "10 ALLEE DE LA HALLE 91310 Montlhéry", "count": 2, "medecins": "[{\"nom\": \"FOURNIER\", \"prenom\": \"Vadime\", \"savoir_faire\": \"Spécialiste en Médecine Générale\"}, {\"nom\": \"MESSAOUDENE\", \"prenom\": \"Abd El Ouaheb\", \"savoir_faire\": \"Spécialiste en Médecine Générale\"}]"}}, {"type": "Feature", "geometry": {"type": "Point", "coordinates": [2.460422, 48.717649]}, "properties": {"adresse": "28 RUE COLBERT 91560 Crosne", "count": 3, "medecins": "[{\"nom\": \"KATZ-KHALLAF\", \"prenom\": \"Déborah\", \"savoir_faire\": \"Spécialiste en Médecine Générale\"}, {\"nom\": \"PAK\", \"prenom\": \"ALIREZA\", \"savoir_faire\": \"Spécialiste en Médecine Générale\"}, {\"nom\": \"BELKAID EL MOBARIK\", \"prenom\": \"Siham\", \"savoir_faire\": \"Spécialiste en Médecine Générale\"}]"}}, {"type": "Feature", "geometry": {"type": "Point", "coordinates": [2.464063, 48.613438]}, "properties": {"adresse": "9 RUE HENRI MATISSE 91100 Corbeil-Essonnes", "count": 6, "medecins": "[{\"nom\": \"MILED\", \"prenom\": \"Manel\", \"savoir_faire\": \"Spécialiste en Médecine Générale\"}, {\"nom\": \"CARRIE\", \"prenom\": \"Laurence\", \"savoir_faire\": \"Qualifié en Médecine Générale\"}, {\"nom\": \"BADER\", \"prenom\": \"Monika\", \"savoir_faire\": \"Spécialiste en Médecine Générale\"}, {\"nom\": \"BILLAUD\", \"prenom\": \"Max\", \"savoir_faire\": \"Qualifié en Médecine Générale\"}, {\"nom\": \"LAMY\", \"prenom\": \"Béatrice\", \"savoir_faire\": \"Spécialiste en Médecine Générale\"}, {\"nom\": \"VINCENDON\", \"prenom\": \"Enora\", \"savoir_faire\": \"Spécialiste en Médecine Générale\"}]"}}, {"type": "Feature", "geometry": {"type": "Point", "coordinates": [2.41461, 48.707863]}, "properties": {"adresse": "1 AV DU PRESIDENT ROBERT LAKOTA 91270 Vigneux-sur-Seine", "count": 4, "medecins": "[{\"nom\": \"MILED\", \"prenom\": \"Manel\", \"savoir_faire\": \"Spécialiste en Médecine Générale\"}, {\"nom\": \"LU\", \"prenom\": \"Pascal\", \"savoir_faire\": \"Qualifié en Médecine Générale\"}, {\"nom\": \"MEYNADIER-LARCANCHE\", \"prenom\": \"Françoise\", \"savoir_faire\": \"Qualifié en Médecine Générale\"}, {\"nom\": \"LE BEHEREC\", \"prenom\": \"Damien\", \"savoir_faire\": \"Qualifié en Médecine Générale\"}]"}}, {"type": "Feature", "geometry": {"type": "Point", "coordinates": [2.490705, 48.62015]}, "properties": {"adresse": "1 AVENUE CHARLES DE GAULLE 91250 Saint-Germain-lès-Corbeil", "count": 1, "medecins": "[{\"nom\": \"MOMILCA\", \"prenom\": \"RAMONA ELENA\", \"savoir_faire\": \"Spécialiste en Médecine Générale\"}]"}}, {"type": "Feature", "geometry": {"type": "Point", "coordinates": [2.351961, 48.687748]}, "properties": {"adresse": "5 AVENUE DES MARRONNIERS 91600 Savigny-sur-Orge", "count": 1, "medecins": "[{\"nom\": \"FALIGUERHO\", \"prenom\": \"Mattéo\", \"savoir_faire\": \"Spécialiste en Médecine Générale\"}]"}}, {"type": "Feature", "geometry": {"type": "Point", "coordinates": [2.302359, 48.688869]}, "properties": {"adresse": "67 ROUTE DE CORBEIL 91160 Longjumeau", "count": 6, "medecins": "[{\"nom\": \"KHALFAOUI\", \"prenom\": \"Dorra\", \"savoir_faire\": \"Spécialiste en Médecine Générale\"}, {\"nom\": \"FATAHINE\", \"prenom\": \"Azze-Eddine\", \"savoir_faire\": \"Médecine Générale\"}, {\"nom\": \"HAMADMAD\", \"prenom\": \"Samer\", \"savoir_faire\": \"Qualifié en Médecine Générale\"}, {\"nom\": \"PELISSIER\", \"prenom\": \"Arnaud\", \"savoir_faire\": \"Qualifié en Médecine Générale\"}, {\"nom\": \"DAOUDI\", \"prenom\": \"Benjamin\", \"savoir_faire\": \"Spécialiste en Médecine Générale\"}, {\"nom\": \"AMMAR STAALI\", \"prenom\": \"Ryef\", \"savoir_faire\": \"Spécialiste en Médecine Générale\"}]"}}, {"type": "Feature", "geometry": {"type": "Point", "coordinates": [2.068141, 48.426645]}, "properties": {"adresse": "2 RUE EUDES LEMAIRE 91780 Chalo-Saint-Mars", "count": 1, "medecins": "[{\"nom\": \"ANDRIAMANANTSARA\", \"prenom\": \"Lovatiana Lahaina\", \"savoir_faire\": \"Spécialiste en Médecine Générale\"}]"}}, {"type": "Feature", "geometry": {"type": "Point", "coordinates": [2.472163, 48.705493]}, "properties": {"adresse": "32 RUE D YERRES 91230 Montgeron", "count": 1, "medecins": "[{\"nom\": \"HAYMANN\", \"prenom\": \"Marie-Magdeleine\", \"savoir_faire\": \"Qualifié en Médecine Générale\"}]"}}, {"type": "Feature", "geometry": {"type": "Point", "coordinates": [2.298868, 48.735959]}, "properties": {"adresse": "4 RUE DU PERIGORD 91300 Massy", "count": 1, "medecins": "[{\"nom\": \"RAINERI\", \"prenom\": \"Francois\", \"savoir_faire\": \"Spécialiste en Médecine Générale\"}]"}}, {"type": "Feature", "geometry": {"type": "Point", "coordinates": [2.362077, 48.706605]}, "properties": {"adresse": "11 AVENUE GABRIEL PERI 91550 Paray-Vieille-Poste", "count": 1, "medecins": "[{\"nom\": \"TEXIER\", \"prenom\": \"Francis\", \"savoir_faire\": \"Spécialiste en Médecine Générale\"}]"}}, {"type": "Feature", "geometry": {"type": "Point", "coordinates": [2.266505, 48.747033]}, "properties": {"adresse": "15 RUE DE PARON 91370 Verrières-le-Buisson", "count": 1, "medecins": "[{\"nom\": \"ZARAGOZA\", \"prenom\": \"Chantal\", \"savoir_faire\": \"Qualifié en Médecine Générale\"}]"}}, {"type": "Feature", "geometry": {"type": "Point", "coordinates": [2.011891, 48.532762]}, "properties": {"adresse": "16 AVENUE CARNOT 91410 Dourdan", "count": 1, "medecins": "[{\"nom\": \"MOULINET-VASSEUR\", \"prenom\": \"Jocelyne\", \"savoir_faire\": \"Spécialiste en Médecine Générale\"}]"}}, {"type": "Feature", "geometry": {"type": "Point", "coordinates": [2.483883, 48.566293]}, "properties": {"adresse": "32 AVENUE CHARLES DE GAULLE 91830 Le Coudray-Montceaux", "count": 1, "medecins": "[{\"nom\": \"JOUHANDIN\", \"prenom\": \"Michel\", \"savoir_faire\": \"Spécialiste en Médecine Générale\"}]"}}, {"type": "Feature", "geometry": {"type": "Point", "coordinates": [2.126635, 48.701636]}, "properties": {"adresse": "29 RUE JULIETTE ADAM 91190 Gif-sur-Yvette", "count": 7, "medecins": "[{\"nom\": \"BLOCH\", \"prenom\": \"Alain\", \"savoir_faire\": \"Spécialiste en Médecine Générale\"}, {\"nom\": \"LEFORT\", \"prenom\": \"Éric\", \"savoir_faire\": \"Spécialiste en Médecine Générale\"}, {\"nom\": \"BROUSSE\", \"prenom\": \"Noémi\", \"savoir_faire\": \"Spécialiste en Médecine Générale\"}, {\"nom\": \"BROUSSE\", \"prenom\": \"Noémi\", \"savoir_faire\": \"Spécialiste en Médecine Générale\"}, {\"nom\": \"BROUSSE\", \"prenom\": \"Noémi\", \"savoir_faire\": \"Spécialiste en Médecine Générale\"}, {\"nom\": \"PREVOST-DEFRANCE\", \"prenom\": \"Marie\", \"savoir_faire\": \"Spécialiste en Médecine Générale\"}, {\"nom\": \"DODIN-DELVAUX\", \"prenom\": \"Muriel\", \"savoir_faire\": \"Qualifié en Médecine Générale\"}]"}}, {"type": "Feature", "geometry": {"type": "Point", "coordinates": [2.359135, 48.699955]}, "properties": {"adresse": "76 RUE DE LA VOIE VERTE 91200 Athis-Mons", "count": 1, "medecins": "[{\"nom\": \"ROUYER\", \"prenom\": \"Marie-Louise\", \"savoir_faire\": \"Spécialiste en Médecine Générale\"}]"}}, {"type": "Feature", "geometry": {"type": "Point", "coordinates": [2.350097, 48.482952]}, "properties": {"adresse": "4 AVENUE DU GENERAL LECLERC 91590 La Ferté-Alais", "count": 2, "medecins": "[{\"nom\": \"EHRHART\", \"prenom\": \"Jean\", \"savoir_faire\": \"Qualifié en Médecine Générale\"}, {\"nom\": \"MUSAT\", \"prenom\": \"Andrei\", \"savoir_faire\": \"Spécialiste en Médecine Générale\"}]"}}, {"type": "Feature", "geometry": {"type": "Point", "coordinates": [1.959179, 48.506152]}, "properties": {"adresse": "16 RUE DES MONTCEAUX 91410 Corbreuse", "count": 1, "medecins": "[{\"nom\": \"BROSSAUD\", \"prenom\": \"Antoine\", \"savoir_faire\": \"Qualifié en Médecine Générale\"}]"}}, {"type": "Feature", "geometry": {"type": "Point", "coordinates": [2.310701, 48.652865]}, "properties": {"adresse": "26 ROUTE DE LONGPONT 91700 Sainte-Geneviève-des-Bois", "count": 7, "medecins": "[{\"nom\": \"POIGNONEC\", \"prenom\": \"Jean-Louis\", \"savoir_faire\": \"Spécialiste en Médecine Générale\"}, {\"nom\": \"CHIESA\", \"prenom\": \"Nicolas\", \"savoir_faire\": \"Spécialiste en Médecine Générale\"}, {\"nom\": \"BENADY\", \"prenom\": \"Michel\", \"savoir_faire\": \"Spécialiste en Médecine Générale\"}, {\"nom\": \"MORVAN\", \"prenom\": \"Jean-Francois\", \"savoir_faire\": \"Spécialiste en Médecine Générale\"}, {\"nom\": \"MORVAN\", \"prenom\": \"Michaël-pierre\", \"savoir_faire\": \"Spécialiste en Médecine Générale\"}, {\"nom\": \"POIGNONEC\", \"prenom\": \"Alexandre\", \"savoir_faire\": \"Spécialiste en Médecine Générale\"}, {\"nom\": \"SAURA\", \"prenom\": \"Alain\", \"savoir_faire\": \"Spécialiste en Médecine Générale\"}]"}}, {"type": "Feature", "geometry": {"type": "Point", "coordinates": [2.248374, 48.714021]}, "properties": {"adresse": "28 RUE VICTOR HUGO 91120 Palaiseau", "count": 4, "medecins": "[{\"nom\": \"CORTINOVIS\", \"prenom\": \"Sébastien\", \"savoir_faire\": \"Spécialiste en Médecine Générale\"}, {\"nom\": \"DONGUY\", \"prenom\": \"ELSA\", \"savoir_faire\": \"Spécialiste en Médecine Générale\"}, {\"nom\": \"BRAY\", \"prenom\": \"Sophie\", \"savoir_faire\": \"Spécialiste en Médecine Générale\"}, {\"nom\": \"CHABRERIE\", \"prenom\": \"Elise\", \"savoir_faire\": \"Spécialiste en Médecine Générale\"}]"}}, {"type": "Feature", "geometry": {"type": "Point", "coordinates": [2.342838, 48.682127]}, "properties": {"adresse": "2 RUE DE CHILLY MAZARIN 91600 Savigny-sur-Orge", "count": 3, "medecins": "[{\"nom\": \"ROUX\", \"prenom\": \"Emmanuelle\", \"savoir_faire\": \"Qualifié en Médecine Générale\"}, {\"nom\": \"EYOKA\", \"prenom\": \"Roch-Jean\", \"savoir_faire\": \"Médecine Générale\"}, {\"nom\": \"EL-MORNAN\", \"prenom\": \"Saluma\", \"savoir_faire\": \"Spécialiste en Médecine Générale\"}]"}}, {"type": "Feature", "geometry": {"type": "Point", "coordinates": [2.351846, 48.687219]}, "properties": {"adresse": "9 AVENUE DES ECOLES 91600 Savigny-sur-Orge", "count": 4, "medecins": "[{\"nom\": \"BEN BRAHIM\", \"prenom\": \"Hada\", \"savoir_faire\": \"Qualifié en Médecine Générale\"}, {\"nom\": \"BEN BRAHIM\", \"prenom\": \"Hada\", \"savoir_faire\": \"Qualifié en Médecine Générale\"}, {\"nom\": \"BESNIER\", \"prenom\": \"Céline\", \"savoir_faire\": \"Spécialiste en Médecine Générale\"}, {\"nom\": \"NGUYEN\", \"prenom\": \"Thai Bao Quoc\", \"savoir_faire\": \"Spécialiste en Médecine Générale\"}]"}}, {"type": "Feature", "geometry": {"type": "Point", "coordinates": [2.370998, 48.614122]}, "properties": {"adresse": "1 RUE DES 3 PARTS 91070 Bondoufle", "count": 3, "medecins": "[{\"nom\": \"HAMOUI\", \"prenom\": \"Farouk\", \"savoir_faire\": \"Médecine Générale\"}, {\"nom\": \"LADOUANI\", \"prenom\": \"Omar\", \"savoir_faire\": \"Spécialiste en Médecine Générale\"}, {\"nom\": \"MEHAREB\", \"prenom\": \"Farid\", \"savoir_faire\": \"Médecine Générale\"}]"}}, {"type": "Feature", "geometry": {"type": "Point", "coordinates": [2.371587, 48.698117]}, "properties": {"adresse": "2 ROUTE DE MONTLHERY 91200 Athis-Mons", "count": 5, "medecins": "[{\"nom\": \"KALIFA\", \"prenom\": \"Golan\", \"savoir_faire\": \"Qualifié en Médecine Générale\"}, {\"nom\": \"MOUGARI\", \"prenom\": \"Smail\", \"savoir_faire\": \"Spécialiste en Médecine Générale\"}, {\"nom\": \"ACHKAR\", \"prenom\": \"Wissam\", \"savoir_faire\": \"Qualifié en Médecine Générale\"}, {\"nom\": \"SLIMANI\", \"prenom\": \"Farouk\", \"savoir_faire\": \"Spécialiste en Médecine Générale\"}, {\"nom\": \"KALO-MODJA\", \"prenom\": \"Fugue\", \"savoir_faire\": \"Spécialiste en Médecine Générale\"}]"}}, {"type": "Feature", "geometry": {"type": "Point", "coordinates": [2.164656, 48.69717]}, "properties": {"adresse": "39 RUE CHARLES DE GAULLE 91440 Bures-sur-Yvette", "count": 1, "medecins": "[{\"nom\": \"PEYMAYECHE\", \"prenom\": \"Alfred\", \"savoir_faire\": \"Spécialiste en Médecine Générale\"}]"}}, {"type": "Feature", "geometry": {"type": "Point", "coordinates": [2.380524, 48.672934]}, "properties": {"adresse": "42 RUE FRANCOEUR 91170 Viry-Châtillon", "count": 2, "medecins": "[{\"nom\": \"CHERHABIL\", \"prenom\": \"NIDHAL\", \"savoir_faire\": \"Médecine Générale\"}, {\"nom\": \"ACHOURI\", \"prenom\": \"ABDALLAH\", \"savoir_faire\": \"Spécialiste en Médecine Générale\"}]"}}, {"type": "Feature", "geometry": {"type": "Point", "coordinates": [1.997756, 48.312246]}, "properties": {"adresse": "3 RUE DES ECOLES 91670 Angerville", "count": 4, "medecins": "[{\"nom\": \"MONDAN\", \"prenom\": \"Marc\", \"savoir_faire\": \"Qualifié en Médecine Générale\"}, {\"nom\": \"BACHELIER\", \"prenom\": \"Philippe\", \"savoir_faire\": \"Spécialiste en Médecine Générale\"}, {\"nom\": \"SOBH\", \"prenom\": \"Alain\", \"savoir_faire\": \"Spécialiste en Médecine Générale\"}, {\"nom\": \"PRIMAULT\", \"prenom\": \"Véronique\", \"savoir_faire\": \"Qualifié en Médecine Générale\"}]"}}, {"type": "Feature", "geometry": {"type": "Point", "coordinates": [2.314985, 48.7064]}, "properties": {"adresse": "9 DOMAINE DE BEL ABORD 91380 Chilly-Mazarin", "count": 1, "medecins": "[{\"nom\": \"MOREAU\", \"prenom\": \"Véronique\", \"savoir_faire\": \"Qualifié en Médecine Générale\"}]"}}, {"type": "Feature", "geometry": {"type": "Point", "coordinates": [2.22401, 48.698552]}, "properties": {"adresse": "12 RUE LE PERDRIEL 91140 Villebon-sur-Yvette", "count": 2, "medecins": "[{\"nom\": \"SERRANO\", \"prenom\": \"Stéphane\", \"savoir_faire\": \"Qualifié en Médecine Générale\"}, {\"nom\": \"TRIBONDEAU\", \"prenom\": \"Alice\", \"savoir_faire\": \"Qualifié en Médecine Générale\"}]"}}, {"type": "Feature", "geometry": {"type": "Point", "coordinates": [2.01781, 48.530805]}, "properties": {"adresse": "6 IMPASSE DES MOINES 91410 Dourdan", "count": 1, "medecins": "[{\"nom\": \"DAVID\", \"prenom\": \"Christine\", \"savoir_faire\": \"Spécialiste en Médecine Générale\"}]"}}, {"type": "Feature", "geometry": {"type": "Point", "coordinates": [2.219403, 48.591969]}, "properties": {"adresse": "17 RUE DE LA SOURCE 91340 Ollainville", "count": 1, "medecins": "[{\"nom\": \"DREYFUS\", \"prenom\": \"Nathalie\", \"savoir_faire\": \"Qualifié en Médecine Générale\"}]"}}, {"type": "Feature", "geometry": {"type": "Point", "coordinates": [2.383156, 48.683797]}, "properties": {"adresse": "4 RUE DE CHATILLON 91260 Juvisy-sur-Orge", "count": 1, "medecins": "[{\"nom\": \"TOURRET\", \"prenom\": \"Éric\", \"savoir_faire\": \"Spécialiste en Médecine Générale\"}]"}}, {"type": "Feature", "geometry": {"type": "Point", "coordinates": [2.458186, 48.702058]}, "properties": {"adresse": "11 AVENUE DE LA VENERIE 91230 Montgeron", "count": 1, "medecins": "[{\"nom\": \"DE MEDEIROS\", \"prenom\": \"Nathalie\", \"savoir_faire\": \"Qualifié en Médecine Générale\"}]"}}, {"type": "Feature", "geometry": {"type": "Point", "coordinates": [2.175432, 48.683767]}, "properties": {"adresse": "68 RESIDENCE DE COURDIMANCHE 91940 Les Ulis", "count": 2, "medecins": "[{\"nom\": \"PLESSIAS\", \"prenom\": \"Philippe\", \"savoir_faire\": \"Spécialiste en Médecine Générale\"}, {\"nom\": \"DRUMARE\", \"prenom\": \"Aurélia\", \"savoir_faire\": \"Qualifié en Médecine Générale\"}]"}}, {"type": "Feature", "geometry": {"type": "Point", "coordinates": [2.359651, 48.699755]}, "properties": {"adresse": "72 RUE DE LA VOIE VERTE 91200 Athis-Mons", "count": 4, "medecins": "[{\"nom\": \"NGUYEN\", \"prenom\": \"Michel\", \"savoir_faire\": \"Spécialiste en Médecine Générale\"}, {\"nom\": \"LE BAIL\", \"prenom\": \"Nathalie\", \"savoir_faire\": \"Qualifié en Médecine Générale\"}, {\"nom\": \"ALI-OURO-NILLE\", \"prenom\": \"Edgar\", \"savoir_faire\": \"Qualifié en Médecine Générale\"}, {\"nom\": \"MEKERRI\", \"prenom\": \"Hakim\", \"savoir_faire\": \"Médecine Générale\"}]"}}, {"type": "Feature", "geometry": {"type": "Point", "coordinates": [2.459892, 48.697454]}, "properties": {"adresse": "6 AVENUE CHARLES DE GAULLE 91230 Montgeron", "count": 1, "medecins": "[{\"nom\": \"LO PRESTI\", \"prenom\": \"Joanna\", \"savoir_faire\": \"Qualifié en Médecine Générale\"}]"}}, {"type": "Feature", "geometry": {"type": "Point", "coordinates": [2.16382, 48.677226]}, "properties": {"adresse": "41 RESIDENCE DE LA VAUCOULEUR 91940 Les Ulis", "count": 2, "medecins": "[{\"nom\": \"LESIGNE\", \"prenom\": \"Myriam\", \"savoir_faire\": \"Qualifié en Médecine Générale\"}, {\"nom\": \"LEONARD-FAURE\", \"prenom\": \"Dominique\", \"savoir_faire\": \"Spécialiste en Médecine Générale\"}]"}}, {"type": "Feature", "geometry": {"type": "Point", "coordinates": [2.211136, 48.552171]}, "properties": {"adresse": "33 RUE DU PONT CAGE 91790 Boissy-sous-Saint-Yon", "count": 1, "medecins": "[{\"nom\": \"CHAUSSIS\", \"prenom\": \"Astrid\", \"savoir_faire\": \"Spécialiste en Médecine Générale\"}]"}}, {"type": "Feature", "geometry": {"type": "Point", "coordinates": [2.344036, 48.511215]}, "properties": {"adresse": "38 RUE DE LA CROIX BOISSEE 91760 Itteville", "count": 3, "medecins": "[{\"nom\": \"DUBREUIL\", \"prenom\": \"Nicolas\", \"savoir_faire\": \"Spécialiste en Médecine Générale\"}, {\"nom\": \"VAGNE\", \"prenom\": \"Pauline\", \"savoir_faire\": \"Spécialiste en Médecine Générale\"}, {\"nom\": \"GIRIN\", \"prenom\": \"Fanny\", \"savoir_faire\": \"Spécialiste en Médecine Générale\"}]"}}, {"type": "Feature", "geometry": {"type": "Point", "coordinates": [2.482509, 48.613782]}, "properties": {"adresse": "15 QUAI MAUZAISSE 91100 Corbeil-Essonnes", "count": 1, "medecins": "[{\"nom\": \"SLIMANI\", \"prenom\": \"Farouk\", \"savoir_faire\": \"Spécialiste en Médecine Générale\"}]"}}, {"type": "Feature", "geometry": {"type": "Point", "coordinates": [2.496141, 48.712458]}, "properties": {"adresse": "31 AVENUE DE L ABBAYE 91330 Yerres", "count": 6, "medecins": "[{\"nom\": \"HADDAD\", \"prenom\": \"ZOUHAIR\", \"savoir_faire\": \"Spécialiste en Médecine Générale\"}, {\"nom\": \"PAQUIRIMOIDINE\", \"prenom\": \"RAHMAN\", \"savoir_faire\": \"Spécialiste en Médecine Générale\"}, {\"nom\": \"SAADI\", \"prenom\": \"Reda\", \"savoir_faire\": \"Spécialiste en Médecine Générale\"}, {\"nom\": \"AROUL\", \"prenom\": \"Saïd\", \"savoir_faire\": \"Spécialiste en Médecine Générale\"}, {\"nom\": \"ABDEL AAL\", \"prenom\": \"Anas\", \"savoir_faire\": \"Spécialiste en Médecine Générale\"}, {\"nom\": \"ALOUACHE\", \"prenom\": \"Anthony\", \"savoir_faire\": \"Spécialiste en Médecine Générale\"}]"}}, {"type": "Feature", "geometry": {"type": "Point", "coordinates": [2.440481, 48.637299]}, "properties": {"adresse": "16 RUE JEAN GIONO 91000 Évry-Courcouronnes", "count": 1, "medecins": "[{\"nom\": \"KHALFI\", \"prenom\": \"Ahmed\", \"savoir_faire\": \"Spécialiste en Médecine Générale\"}]"}}, {"type": "Feature", "geometry": {"type": "Point", "coordinates": [2.515802, 48.628049]}, "properties": {"adresse": "1 RUE DE LA MARE A TISSIER 91280 Saint-Pierre-du-Perray", "count": 3, "medecins": "[{\"nom\": \"ZITOUNI\", \"prenom\": \"Khaled\", \"savoir_faire\": \"Spécialiste en Médecine Générale\"}, {\"nom\": \"CHICHA\", \"prenom\": \"Patrick\", \"savoir_faire\": \"Qualifié en Médecine Générale\"}, {\"nom\": \"ZOUBIR\", \"prenom\": \"Ahmed\", \"savoir_faire\": \"Spécialiste en Médecine Générale\"}]"}}, {"type": "Feature", "geometry": {"type": "Point", "coordinates": [2.459481, 48.71474]}, "properties": {"adresse": "7 PLACE BOILEAU 91560 Crosne", "count": 1, "medecins": "[{\"nom\": \"CHAÏB\", \"prenom\": \"Nérimaine\", \"savoir_faire\": \"Spécialiste en Médecine Générale\"}]"}}, {"type": "Feature", "geometry": {"type": "Point", "coordinates": [2.311842, 48.693966]}, "properties": {"adresse": "97 RUE DE GRAVIGNY 91380 Chilly-Mazarin", "count": 2, "medecins": "[{\"nom\": \"CALFOND-TACHON\", \"prenom\": \"Claire\", \"savoir_faire\": \"Spécialiste en Médecine Générale\"}, {\"nom\": \"BETTAN\", \"prenom\": \"Gaëlle\", \"savoir_faire\": \"Spécialiste en Médecine Générale\"}]"}}, {"type": "Feature", "geometry": {"type": "Point", "coordinates": [2.132792, 48.677754]}, "properties": {"adresse": "3 RUE DU FROMENTEAU 91940 Gometz-le-Châtel", "count": 3, "medecins": "[{\"nom\": \"LORIN\", \"prenom\": \"Pauline\", \"savoir_faire\": \"Spécialiste en Médecine Générale\"}, {\"nom\": \"CROIZER\", \"prenom\": \"Ophélie\", \"savoir_faire\": \"Spécialiste en Médecine Générale\"}, {\"nom\": \"COURMONT\", \"prenom\": \"Amélie\", \"savoir_faire\": \"Spécialiste en Médecine Générale\"}]"}}, {"type": "Feature", "geometry": {"type": "Point", "coordinates": [2.31491, 48.701537]}, "properties": {"adresse": "3 RUE D EFFIAT 91380 Chilly-Mazarin", "count": 2, "medecins": "[{\"nom\": \"PEDRONO\", \"prenom\": \"Jérémie\", \"savoir_faire\": \"Spécialiste en Médecine Générale\"}, {\"nom\": \"OUETHRANI\", \"prenom\": \"Noujoud\", \"savoir_faire\": \"Spécialiste en Médecine Générale\"}]"}}, {"type": "Feature", "geometry": {"type": "Point", "coordinates": [2.431478, 48.632496]}, "properties": {"adresse": "200 RUE ROSENBERG 91000 Évry-Courcouronnes", "count": 2, "medecins": "[{\"nom\": \"BREITEL\", \"prenom\": \"Anne-Laure\", \"savoir_faire\": \"Spécialiste en Médecine Générale\"}, {\"nom\": \"SOULANTZOU\", \"prenom\": \"Zoi\", \"savoir_faire\": \"Spécialiste en Médecine Générale\"}]"}}, {"type": "Feature", "geometry": {"type": "Point", "coordinates": [2.229792, 48.577013]}, "properties": {"adresse": "24 AV DE LA MARE AUX BOURGUIGNONS 91520 Égly", "count": 3, "medecins": "[{\"nom\": \"MARY\", \"prenom\": \"Ingrid\", \"savoir_faire\": \"Spécialiste en Médecine Générale\"}, {\"nom\": \"MATHIEU\", \"prenom\": \"Patrick\", \"savoir_faire\": \"Spécialiste en Médecine Générale\"}, {\"nom\": \"BESANCON\", \"prenom\": \"Fabien\", \"savoir_faire\": \"Spécialiste en Médecine Générale\"}]"}}, {"type": "Feature", "geometry": {"type": "Point", "coordinates": [2.415746, 48.612422]}, "properties": {"adresse": " CHEMIN DU VEXIN 91090 Lisses", "count": 2, "medecins": "[{\"nom\": \"TA\", \"prenom\": \"Marie Catherine\", \"savoir_faire\": \"Spécialiste en Médecine Générale\"}, {\"nom\": \"DINH\", \"prenom\": \"Viet Hung\", \"savoir_faire\": \"Qualifié en Médecine Générale\"}]"}}, {"type": "Feature", "geometry": {"type": "Point", "coordinates": [2.504114, 48.694543]}, "properties": {"adresse": "3 BOULEVARD CHARLES DE GAULLE 91800 Brunoy", "count": 3, "medecins": "[{\"nom\": \"MAMODALY\", \"prenom\": \"Moïse\", \"savoir_faire\": \"Spécialiste en Médecine Générale\"}, {\"nom\": \"MEILLAT\", \"prenom\": \"Isabelle\", \"savoir_faire\": \"Qualifié en Médecine Générale\"}, {\"nom\": \"ARTIS\", \"prenom\": \"Valérie\", \"savoir_faire\": \"Spécialiste en Médecine Générale\"}]"}}, {"type": "Feature", "geometry": {"type": "Point", "coordinates": [2.353264, 48.686807]}, "properties": {"adresse": "76 BOULEVARD ARISTIDE BRIAND 91600 Savigny-sur-Orge", "count": 1, "medecins": "[{\"nom\": \"DHAI\", \"prenom\": \"Rim\", \"savoir_faire\": \"Spécialiste en Médecine Générale\"}]"}}, {"type": "Feature", "geometry": {"type": "Point", "coordinates": [2.335816, 48.644731]}, "properties": {"adresse": "206 AVENUE GABRIEL PERI 91700 Sainte-Geneviève-des-Bois", "count": 1, "medecins": "[{\"nom\": \"CYBULSKI\", \"prenom\": \"Sandra\", \"savoir_faire\": \"Spécialiste en Médecine Générale\"}]"}}, {"type": "Feature", "geometry": {"type": "Point", "coordinates": [2.088225, 48.316462]}, "properties": {"adresse": "3 RUE MAURICE BERTEAUX 91660 Le Mérévillois", "count": 1, "medecins": "[{\"nom\": \"GONZALEZ PEREZ\", \"prenom\": \"Maria Carmen\", \"savoir_faire\": \"Spécialiste en Médecine Générale\"}]"}}, {"type": "Feature", "geometry": {"type": "Point", "coordinates": [2.26538, 48.747065]}, "properties": {"adresse": "51 RUE D ESTIENNE D ORVES 91370 Verrières-le-Buisson", "count": 1, "medecins": "[{\"nom\": \"GERSPACH\", \"prenom\": \"Chloé\", \"savoir_faire\": \"Spécialiste en Médecine Générale\"}]"}}, {"type": "Feature", "geometry": {"type": "Point", "coordinates": [2.190554, 48.449944]}, "properties": {"adresse": " AVENUE DU GENERAL DE GAULLE 91150 Morigny-Champigny", "count": 2, "medecins": "[{\"nom\": \"EFRIM\", \"prenom\": \"Ileana-Anca\", \"savoir_faire\": \"Spécialiste en Médecine Générale\"}, {\"nom\": \"VELULA\", \"prenom\": \"MANIGE\", \"savoir_faire\": \"Spécialiste en Médecine Générale\"}]"}}, {"type": "Feature", "geometry": {"type": "Point", "coordinates": [2.414139, 48.698171]}, "properties": {"adresse": "5 AVENUE HENRI BARBUSSE 91270 Vigneux-sur-Seine", "count": 5, "medecins": "[{\"nom\": \"SOUHAIL\", \"prenom\": \"Faiyaz\", \"savoir_faire\": \"Spécialiste en Médecine Générale\"}, {\"nom\": \"PAK\", \"prenom\": \"ALIREZA\", \"savoir_faire\": \"Spécialiste en Médecine Générale\"}, {\"nom\": \"COCO\", \"prenom\": \"Anaïs\", \"savoir_faire\": \"Spécialiste en Médecine Générale\"}, {\"nom\": \"JERIDI\", \"prenom\": \"Sarra\", \"savoir_faire\": \"Spécialiste en Médecine Générale\"}, {\"nom\": \"AHSSAINI\", \"prenom\": \"Faiza\", \"savoir_faire\": \"Spécialiste en Médecine Générale\"}]"}}, {"type": "Feature", "geometry": {"type": "Point", "coordinates": [2.37587, 48.671285]}, "properties": {"adresse": "33 RUE HENRI BARBUSSE 91170 Viry-Châtillon", "count": 1, "medecins": "[{\"nom\": \"GABIN\", \"prenom\": \"Sandrine\", \"savoir_faire\": \"Spécialiste en Médecine Générale\"}]"}}, {"type": "Feature", "geometry": {"type": "Point", "coordinates": [2.294373, 48.693449]}, "properties": {"adresse": "12 RUE JEAN COLIN 91160 Longjumeau", "count": 1, "medecins": "[{\"nom\": \"MORARI\", \"prenom\": \"Anastasia\", \"savoir_faire\": \"Spécialiste en Médecine Générale\"}]"}}, {"type": "Feature", "geometry": {"type": "Point", "coordinates": [2.425004, 48.638367]}, "properties": {"adresse": "5 RUE DE LA CLAIRIERE 91000 Évry-Courcouronnes", "count": 1, "medecins": "[{\"nom\": \"SHAKSHAK\", \"prenom\": \"Tarek\", \"savoir_faire\": \"Spécialiste en Médecine Générale\"}]"}}, {"type": "Feature", "geometry": {"type": "Point", "coordinates": [2.340993, 48.640248]}, "properties": {"adresse": "13 RUE ROGER MARTIN DU GARD 91700 Sainte-Geneviève-des-Bois", "count": 1, "medecins": "[{\"nom\": \"CASSARD\", \"prenom\": \"Thierry\", \"savoir_faire\": \"Qualifié en Médecine Générale\"}]"}}, {"type": "Feature", "geometry": {"type": "Point", "coordinates": [2.129079, 48.361156]}, "properties": {"adresse": "4 AVENUE JEAN JAURES 91690 Saclas", "count": 1, "medecins": "[{\"nom\": \"POUCHIN-MARTINAGE\", \"prenom\": \"Nathalie\", \"savoir_faire\": \"Spécialiste en Médecine Générale\"}]"}}, {"type": "Feature", "geometry": {"type": "Point", "coordinates": [2.318814, 48.703531]}, "properties": {"adresse": "12 AVENUE MAZARIN 91380 Chilly-Mazarin", "count": 1, "medecins": "[{\"nom\": \"SERRERO\", \"prenom\": \"Albert\", \"savoir_faire\": \"Médecine Générale\"}]"}}, {"type": "Feature", "geometry": {"type": "Point", "coordinates": [2.312378, 48.706236]}, "properties": {"adresse": "1 DOMAINE DU CHATEAU 91380 Chilly-Mazarin", "count": 1, "medecins": "[{\"nom\": \"HAIUN\", \"prenom\": \"Robert\", \"savoir_faire\": \"Qualifié en Médecine Générale\"}]"}}, {"type": "Feature", "geometry": {"type": "Point", "coordinates": [2.329528, 48.707209]}, "properties": {"adresse": "27 RUE DU GENERAL LECLERC 91420 Morangis", "count": 1, "medecins": "[{\"nom\": \"GAUTHIER\", \"prenom\": \"Suzie\", \"savoir_faire\": \"Qualifié en Médecine Générale\"}]"}}, {"type": "Feature", "geometry": {"type": "Point", "coordinates": [2.41101, 48.658615]}, "properties": {"adresse": "12 ALLEE DES MARRONNIERS 91130 Ris-Orangis", "count": 1, "medecins": "[{\"nom\": \"GRANGEON\", \"prenom\": \"Françoise\", \"savoir_faire\": \"Qualifié en Médecine Générale\"}]"}}, {"type": "Feature", "geometry": {"type": "Point", "coordinates": [2.382353, 48.692632]}, "properties": {"adresse": "11 RUE DE JUVISY 91200 Athis-Mons", "count": 2, "medecins": "[{\"nom\": \"BLONDEL\", \"prenom\": \"Yves\", \"savoir_faire\": \"Qualifié en Médecine Générale\"}, {\"nom\": \"BLONDEL\", \"prenom\": \"Romain\", \"savoir_faire\": \"Spécialiste en Médecine Générale\"}]"}}, {"type": "Feature", "geometry": {"type": "Point", "coordinates": [2.460538, 48.704759]}, "properties": {"adresse": "95 AVENUE DE LA REPUBLIQUE 91230 Montgeron", "count": 3, "medecins": "[{\"nom\": \"BERTHON\", \"prenom\": \"Jean-Pascal\", \"savoir_faire\": \"Médecine Générale\"}, {\"nom\": \"MEDJEBEUR\", \"prenom\": \"Chawki\", \"savoir_faire\": \"Médecine Générale\"}, {\"nom\": \"BRAHMI\", \"prenom\": \"Faïza\", \"savoir_faire\": \"Spécialiste en Médecine Générale\"}]"}}, {"type": "Feature", "geometry": {"type": "Point", "coordinates": [2.175909, 48.676256]}, "properties": {"adresse": "4 AVENUE DE PROVENCE 91940 Les Ulis", "count": 1, "medecins": "[{\"nom\": \"MINIOU\", \"prenom\": \"Véronique\", \"savoir_faire\": \"Spécialiste en Médecine Générale\"}]"}}, {"type": "Feature", "geometry": {"type": "Point", "coordinates": [2.316404, 48.703651]}, "properties": {"adresse": "25 RUE FRANCOIS MOUTHON 91380 Chilly-Mazarin", "count": 1, "medecins": "[{\"nom\": \"CASTEL\", \"prenom\": \"Alain\", \"savoir_faire\": \"Spécialiste en Médecine Générale\"}]"}}, {"type": "Feature", "geometry": {"type": "Point", "coordinates": [2.407728, 48.679869]}, "properties": {"adresse": "15 PLACE SAINT REMY 91210 Draveil", "count": 1, "medecins": "[{\"nom\": \"COHEN\", \"prenom\": \"Pierre\", \"savoir_faire\": \"Qualifié en Médecine Générale\"}]"}}, {"type": "Feature", "geometry": {"type": "Point", "coordinates": [2.39205, 48.688062]}, "properties": {"adresse": "6 BOULEVARD DU GENERAL DE GAULLE 91210 Draveil", "count": 1, "medecins": "[{\"nom\": \"DO KHAC\", \"prenom\": \"Minh Duc\", \"savoir_faire\": \"Qualifié en Médecine Générale\"}]"}}, {"type": "Feature", "geometry": {"type": "Point", "coordinates": [2.17757, 48.688166]}, "properties": {"adresse": "14 RESIDENCE LE BOIS DU ROI 91940 Les Ulis", "count": 2, "medecins": "[{\"nom\": \"CHANEL\", \"prenom\": \"Riana\", \"savoir_faire\": \"Qualifié en Médecine Générale\"}, {\"nom\": \"GIRARD\", \"prenom\": \"Jean-Jacques\", \"savoir_faire\": \"Médecine Générale\"}]"}}, {"type": "Feature", "geometry": {"type": "Point", "coordinates": [2.458188, 48.702179]}, "properties": {"adresse": "18 AVENUE DE LA VENERIE 91230 Montgeron", "count": 1, "medecins": "[{\"nom\": \"BOSSE\", \"prenom\": \"Véronique\", \"savoir_faire\": \"Spécialiste en Médecine Générale\"}]"}}, {"type": "Feature", "geometry": {"type": "Point", "coordinates": [2.411856, 48.674193]}, "properties": {"adresse": "65 BOULEVARD HENRI BARBUSSE 91210 Draveil", "count": 1, "medecins": "[{\"nom\": \"APPEL\", \"prenom\": \"Jean-Christophe\", \"savoir_faire\": \"Spécialiste en Médecine Générale\"}]"}}, {"type": "Feature", "geometry": {"type": "Point", "coordinates": [2.512806, 48.637942]}, "properties": {"adresse": "7 ROUTE DE LIEUSAINT 91250 Tigery", "count": 1, "medecins": "[{\"nom\": \"TALLET-GICQUIAU\", \"prenom\": \"Véronique\", \"savoir_faire\": \"Qualifié en Médecine Générale\"}]"}}, {"type": "Feature", "geometry": {"type": "Point", "coordinates": [2.248173, 48.590725]}, "properties": {"adresse": "49 GRANDE RUE 91290 Arpajon", "count": 1, "medecins": "[{\"nom\": \"PORCHE\", \"prenom\": \"Christophe\", \"savoir_faire\": \"Qualifié en Médecine Générale\"}]"}}, {"type": "Feature", "geometry": {"type": "Point", "coordinates": [2.458123, 48.704179]}, "properties": {"adresse": "12 RUE D ESCHBORN 91230 Montgeron", "count": 1, "medecins": "[{\"nom\": \"RUIMI\", \"prenom\": \"Franck\", \"savoir_faire\": \"Qualifié en Médecine Générale\"}]"}}, {"type": "Feature", "geometry": {"type": "Point", "coordinates": [2.43785, 48.564989]}, "properties": {"adresse": "47 BOULEVARD CHARLES DE GAULLE 91540 Mennecy", "count": 1, "medecins": "[{\"nom\": \"BEZIER\", \"prenom\": \"Christophe\", \"savoir_faire\": \"Qualifié en Médecine Générale\"}]"}}, {"type": "Feature", "geometry": {"type": "Point", "coordinates": [2.270229, 48.518553]}, "properties": {"adresse": "25 RUE DE BOURAY 91510 Janville-sur-Juine", "count": 1, "medecins": "[{\"nom\": \"CHANTOME\", \"prenom\": \"Anne\", \"savoir_faire\": \"Spécialiste en Médecine Générale\"}]"}}, {"type": "Feature", "geometry": {"type": "Point", "coordinates": [2.416717, 48.698493]}, "properties": {"adresse": "24 AVENUE HENRI BARBUSSE 91270 Vigneux-sur-Seine", "count": 2, "medecins": "[{\"nom\": \"JOURDHEUILLE-NGUYEN NHU\", \"prenom\": \"Christiane\", \"savoir_faire\": \"Médecine Générale\"}, {\"nom\": \"NGUYEN NHU\", \"prenom\": \"Hai\", \"savoir_faire\": \"Qualifié en Médecine Générale\"}]"}}, {"type": "Feature", "geometry": {"type": "Point", "coordinates": [2.481884, 48.711059]}, "properties": {"adresse": "4 RUE DU STADE 91330 Yerres", "count": 1, "medecins": "[{\"nom\": \"HARGOUS\", \"prenom\": \"Marie-laure\", \"savoir_faire\": \"Qualifié en Médecine Générale\"}]"}}, {"type": "Feature", "geometry": {"type": "Point", "coordinates": [2.249097, 48.593091]}, "properties": {"adresse": "12 BOULEVARD PIERRE BROSSOLETTE 91290 Arpajon", "count": 2, "medecins": "[{\"nom\": \"BOUALLEGUE\", \"prenom\": \"Riadh\", \"savoir_faire\": \"Médecine Générale\"}, {\"nom\": \"TOUIL\", \"prenom\": \"Faouzi\", \"savoir_faire\": \"Médecine Générale\"}]"}}, {"type": "Feature", "geometry": {"type": "Point", "coordinates": [2.402269, 48.712887]}, "properties": {"adresse": "2 RUE DE LA GARE 91200 Athis-Mons", "count": 1, "medecins": "[{\"nom\": \"GAMAIN\", \"prenom\": \"Marc\", \"savoir_faire\": \"Spécialiste en Médecine Générale\"}]"}}, {"type": "Feature", "geometry": {"type": "Point", "coordinates": [2.341735, 48.642626]}, "properties": {"adresse": "50 AVENUE DE L EPERON 91700 Sainte-Geneviève-des-Bois", "count": 1, "medecins": "[{\"nom\": \"ROGER\", \"prenom\": \"Pierre\", \"savoir_faire\": \"Qualifié en Médecine Générale\"}]"}}, {"type": "Feature", "geometry": {"type": "Point", "coordinates": [2.390086, 48.52836]}, "properties": {"adresse": "3 IMPASSE DES HERONS 91610 Ballancourt-sur-Essonne", "count": 2, "medecins": "[{\"nom\": \"VILLENEUVE\", \"prenom\": \"Frédéric\", \"savoir_faire\": \"Spécialiste en Médecine Générale\"}, {\"nom\": \"LUCHOOMAN\", \"prenom\": \"Geenam\", \"savoir_faire\": \"Spécialiste en Médecine Générale\"}]"}}, {"type": "Feature", "geometry": {"type": "Point", "coordinates": [2.0635, 48.808498]}, "properties": {"adresse": "4 ALLEE DU COMMANDANT MOUCHOTTE 91782 Wissous", "count": 1, "medecins": "[{\"nom\": \"CLEREL\", \"prenom\": \"Michel\", \"savoir_faire\": \"Qualifié en Médecine Générale\"}]"}}, {"type": "Feature", "geometry": {"type": "Point", "coordinates": [2.442755, 48.621352]}, "properties": {"adresse": "4 VILLA CHARLES DELESCLUZE 91000 Évry-Courcouronnes", "count": 1, "medecins": "[{\"nom\": \"FILIPE\", \"prenom\": \"Charles\", \"savoir_faire\": \"Spécialiste en Médecine Générale\"}]"}}, {"type": "Feature", "geometry": {"type": "Point", "coordinates": [2.330005, 48.646441]}, "properties": {"adresse": "158 AVENUE GABRIEL PERI 91700 Sainte-Geneviève-des-Bois", "count": 1, "medecins": "[{\"nom\": \"VITALI\", \"prenom\": \"Éric\", \"savoir_faire\": \"Qualifié en Médecine Générale\"}]"}}, {"type": "Feature", "geometry": {"type": "Point", "coordinates": [2.250843, 48.588804]}, "properties": {"adresse": "4 RUE VICTOR HUGO 91290 Arpajon", "count": 2, "medecins": "[{\"nom\": \"GUICHARDET\", \"prenom\": \"Hélène\", \"savoir_faire\": \"Spécialiste en Médecine Générale\"}, {\"nom\": \"BRUN\", \"prenom\": \"PHILIPPE\", \"savoir_faire\": \"Spécialiste en Médecine Générale\"}]"}}, {"type": "Feature", "geometry": {"type": "Point", "coordinates": [2.385481, 48.527254]}, "properties": {"adresse": "4 RUE JEANNE PINET 91610 Ballancourt-sur-Essonne", "count": 1, "medecins": "[{\"nom\": \"ROGER\", \"prenom\": \"Jean-Claude\", \"savoir_faire\": \"Spécialiste en Médecine Générale\"}]"}}, {"type": "Feature", "geometry": {"type": "Point", "coordinates": [2.480774, 48.710771]}, "properties": {"adresse": "2 RUE DU STADE 91330 Yerres", "count": 1, "medecins": "[{\"nom\": \"FOULLON\", \"prenom\": \"Michel\", \"savoir_faire\": \"Spécialiste en Médecine Générale\"}]"}}, {"type": "Feature", "geometry": {"type": "Point", "coordinates": [2.352662, 48.702359]}, "properties": {"adresse": "1 AVENUE DU GENERAL DE GAULLE 91550 Paray-Vieille-Poste", "count": 1, "medecins": "[{\"nom\": \"PICARD\", \"prenom\": \"Laurence\", \"savoir_faire\": \"Qualifié en Médecine Générale\"}]"}}, {"type": "Feature", "geometry": {"type": "Point", "coordinates": [2.510669, 48.702109]}, "properties": {"adresse": "38 ROUTE DE BRIE 91800 Brunoy", "count": 2, "medecins": "[{\"nom\": \"DE BRUINE\", \"prenom\": \"Jan-Bernard\", \"savoir_faire\": \"Qualifié en Médecine Générale\"}, {\"nom\": \"FOURNEL\", \"prenom\": \"Elisabeth\", \"savoir_faire\": \"Spécialiste en Médecine Générale\"}]"}}, {"type": "Feature", "geometry": {"type": "Point", "coordinates": [2.349795, 48.654873]}, "properties": {"adresse": "23 AVENUE DE L EPARGNE 91390 Morsang-sur-Orge", "count": 2, "medecins": "[{\"nom\": \"LECESNE\", \"prenom\": \"Laure\", \"savoir_faire\": \"Qualifié en Médecine Générale\"}, {\"nom\": \"FINOT\", \"prenom\": \"Jean Marc\", \"savoir_faire\": \"Qualifié en Médecine Générale\"}]"}}, {"type": "Feature", "geometry": {"type": "Point", "coordinates": [2.409676, 48.687945]}, "properties": {"adresse": "234 BOULEVARD HENRI BARBUSSE 91210 Draveil", "count": 1, "medecins": "[{\"nom\": \"LE DINH\", \"prenom\": \"Catherine\", \"savoir_faire\": \"Spécialiste en Médecine Générale\"}]"}}, {"type": "Feature", "geometry": {"type": "Point", "coordinates": [2.375487, 48.392852]}, "properties": {"adresse": "20 RUE DE GIRONVILLE 91720 Maisse", "count": 2, "medecins": "[{\"nom\": \"LACERT-MACHET\", \"prenom\": \"Claire-Annabelle\", \"savoir_faire\": \"Qualifié en Médecine Générale\"}, {\"nom\": \"PAU-MONTERO\", \"prenom\": \"Stéfan\", \"savoir_faire\": \"Spécialiste en Médecine Générale\"}]"}}, {"type": "Feature", "geometry": {"type": "Point", "coordinates": [2.467644, 48.407302]}, "properties": {"adresse": "53 AVENUE DE GANAY 91490 Milly-la-Forêt", "count": 2, "medecins": "[{\"nom\": \"OLBINSKI\", \"prenom\": \"Patrick\", \"savoir_faire\": \"Qualifié en Médecine Générale\"}, {\"nom\": \"BERNARD\", \"prenom\": \"François\", \"savoir_faire\": \"Spécialiste en Médecine Générale\"}]"}}, {"type": "Feature", "geometry": {"type": "Point", "coordinates": [2.009389, 48.525003]}, "properties": {"adresse": "1 RUE BALZAC 91410 Dourdan", "count": 1, "medecins": "[{\"nom\": \"BERGOUNIOUX\", \"prenom\": \"Brigitte\", \"savoir_faire\": \"Qualifié en Médecine Générale\"}]"}}, {"type": "Feature", "geometry": {"type": "Point", "coordinates": [2.363406, 48.637262]}, "properties": {"adresse": "55 RUE ANDRE MALRAUX 91700 Fleury-Mérogis", "count": 2, "medecins": "[{\"nom\": \"BENSALEM\", \"prenom\": \"Nabil\", \"savoir_faire\": \"Spécialiste en Médecine Générale\"}, {\"nom\": \"DAHANE\", \"prenom\": \"Nasr-Eddine\", \"savoir_faire\": \"Spécialiste en Médecine Générale\"}]"}}, {"type": "Feature", "geometry": {"type": "Point", "coordinates": [2.376179, 48.700219]}, "properties": {"adresse": "38 AVENUE JULES VALLES 91200 Athis-Mons", "count": 5, "medecins": "[{\"nom\": \"EL ABED\", \"prenom\": \"Houssem\", \"savoir_faire\": \"Spécialiste en Médecine Générale\"}, {\"nom\": \"BACCOUCHE\", \"prenom\": \"Chokri\", \"savoir_faire\": \"Spécialiste en Médecine Générale\"}, {\"nom\": \"SEHIMI\", \"prenom\": \"Fatima\", \"savoir_faire\": \"Spécialiste en Médecine Générale\"}, {\"nom\": \"GRUIA\", \"prenom\": \"Mihaela\", \"savoir_faire\": \"Médecine Générale\"}, {\"nom\": \"HENI\", \"prenom\": \"Oussama\", \"savoir_faire\": \"Spécialiste en Médecine Générale\"}]"}}, {"type": "Feature", "geometry": {"type": "Point", "coordinates": [2.476195, 48.610422]}, "properties": {"adresse": "18 AVENUE CARNOT 91100 Corbeil-Essonnes", "count": 1, "medecins": "[{\"nom\": \"SEMENIUC\", \"prenom\": \"Claudia\", \"savoir_faire\": \"Spécialiste en Médecine Générale\"}]"}}, {"type": "Feature", "geometry": {"type": "Point", "coordinates": [2.28301, 48.733225]}, "properties": {"adresse": "9 RUE DE LONDRES 91300 Massy", "count": 1, "medecins": "[{\"nom\": \"SAADA\", \"prenom\": \"Arnaud\", \"savoir_faire\": \"Spécialiste en Médecine Générale\"}]"}}, {"type": "Feature", "geometry": {"type": "Point", "coordinates": [2.42692, 48.638098]}, "properties": {"adresse": "41 RUE PAUL CLAUDEL 91000 Évry-Courcouronnes", "count": 3, "medecins": "[{\"nom\": \"LAIB\", \"prenom\": \"Ryad\", \"savoir_faire\": \"Spécialiste en Médecine Générale\"}, {\"nom\": \"KHALFAOUI\", \"prenom\": \"Kamelia\", \"savoir_faire\": \"Spécialiste en Médecine Générale\"}, {\"nom\": \"MABONDO\", \"prenom\": \"Pungi Sadi\", \"savoir_faire\": \"Médecine Générale\"}]"}}, {"type": "Feature", "geometry": {"type": "Point", "coordinates": [2.243906, 48.710351]}, "properties": {"adresse": "25 AVENUE DU 8 MAI 1945 91120 Palaiseau", "count": 3, "medecins": "[{\"nom\": \"DAROCZY\", \"prenom\": \"Viràg\", \"savoir_faire\": \"Spécialiste en Médecine Générale\"}, {\"nom\": \"LAM\", \"prenom\": \"Stéphanie\", \"savoir_faire\": \"Spécialiste en Médecine Générale\"}, {\"nom\": \"ARRÊTO\", \"prenom\": \"Anne-Sophie\", \"savoir_faire\": \"Spécialiste en Médecine Générale\"}]"}}, {"type": "Feature", "geometry": {"type": "Point", "coordinates": [2.260947, 48.72896]}, "properties": {"adresse": "33 AV RAYMOND ARON 91300 Massy", "count": 4, "medecins": "[{\"nom\": \"DAOUDI\", \"prenom\": \"Benjamin\", \"savoir_faire\": \"Spécialiste en Médecine Générale\"}, {\"nom\": \"AMMAR STAALI\", \"prenom\": \"Ryef\", \"savoir_faire\": \"Spécialiste en Médecine Générale\"}, {\"nom\": \"KHALFAOUI\", \"prenom\": \"Dorra\", \"savoir_faire\": \"Spécialiste en Médecine Générale\"}, {\"nom\": \"BOULANGÉ\", \"prenom\": \"Marine\", \"savoir_faire\": \"Spécialiste en Médecine Générale\"}]"}}, {"type": "Feature", "geometry": {"type": "Point", "coordinates": [2.358608, 48.637993]}, "properties": {"adresse": "108 RUE MARTIN LUTHER KING 91700 Fleury-Mérogis", "count": 2, "medecins": "[{\"nom\": \"HAFFAF\", \"prenom\": \"Lounes\", \"savoir_faire\": \"Spécialiste en Médecine Générale\"}, {\"nom\": \"LAIB\", \"prenom\": \"Ryad\", \"savoir_faire\": \"Spécialiste en Médecine Générale\"}]"}}, {"type": "Feature", "geometry": {"type": "Point", "coordinates": [2.163187, 48.682985]}, "properties": {"adresse": "18 ALLEE DES AMONTS 91940 Les Ulis", "count": 4, "medecins": "[{\"nom\": \"BOUCHAUDON\", \"prenom\": \"Anne\", \"savoir_faire\": \"Spécialiste en Médecine Générale\"}, {\"nom\": \"CHARBONNEL\", \"prenom\": \"Pascal\", \"savoir_faire\": \"Spécialiste en Médecine Générale\"}, {\"nom\": \"BOUCHAUDON\", \"prenom\": \"Anne\", \"savoir_faire\": \"Spécialiste en Médecine Générale\"}, {\"nom\": \"PIQUE\", \"prenom\": \"Laurence\", \"savoir_faire\": \"Spécialiste en Médecine Générale\"}]"}}, {"type": "Feature", "geometry": {"type": "Point", "coordinates": [2.174107, 48.683942]}, "properties": {"adresse": " RESIDENCE DES MILLEPERTUIS 91940 Les Ulis", "count": 1, "medecins": "[{\"nom\": \"ZID\", \"prenom\": \"Mounia\", \"savoir_faire\": \"Spécialiste en Médecine Générale\"}]"}}, {"type": "Feature", "geometry": {"type": "Point", "coordinates": [2.303557, 48.594714]}, "properties": {"adresse": "2 RUE DU LIMOUSIN 91220 Brétigny-sur-Orge", "count": 1, "medecins": "[{\"nom\": \"BAZIRRAHEMANE\", \"prenom\": \"Barakkathoullah\", \"savoir_faire\": \"Spécialiste en Médecine Générale\"}]"}}, {"type": "Feature", "geometry": {"type": "Point", "coordinates": [2.321669, 48.636039]}, "properties": {"adresse": "50 RUE BERLIOZ 91240 Saint-Michel-sur-Orge", "count": 1, "medecins": "[{\"nom\": \"DAVID\", \"prenom\": \"Félicia\", \"savoir_faire\": \"Spécialiste en Médecine Générale\"}]"}}, {"type": "Feature", "geometry": {"type": "Point", "coordinates": [2.283149, 48.728851]}, "properties": {"adresse": "3 RUE D AUSTRALIE 91300 Massy", "count": 2, "medecins": "[{\"nom\": \"BIEBOW\", \"prenom\": \"Jean François\", \"savoir_faire\": \"Qualifié en Médecine Générale\"}, {\"nom\": \"RAHAL\", \"prenom\": \"Mohammed\", \"savoir_faire\": \"Qualifié en Médecine Générale\"}]"}}, {"type": "Feature", "geometry": {"type": "Point", "coordinates": [2.346643, 48.533676]}, "properties": {"adresse": "5 AVENUE DE BALLANCOURT 91760 Itteville", "count": 1, "medecins": "[{\"nom\": \"ABOU-POLYCARPE\", \"prenom\": \"Bettina\", \"savoir_faire\": \"Qualifié en Médecine Générale\"}]"}}, {"type": "Feature", "geometry": {"type": "Point", "coordinates": [1.992407, 48.349338]}, "properties": {"adresse": "1 RUE DES FFI 91740 Pussay", "count": 1, "medecins": "[{\"nom\": \"D HUMIERES\", \"prenom\": \"Bertrand\", \"savoir_faire\": \"Spécialiste en Médecine Générale\"}]"}}, {"type": "Feature", "geometry": {"type": "Point", "coordinates": [2.192461, 48.493038]}, "properties": {"adresse": "10 RUE CAROLINE BERCHERE 91580 Étréchy", "count": 1, "medecins": "[{\"nom\": \"MEUNIER\", \"prenom\": \"Philippe\", \"savoir_faire\": \"Spécialiste en Médecine Générale\"}]"}}, {"type": "Feature", "geometry": {"type": "Point", "coordinates": [2.399108, 48.651805]}, "properties": {"adresse": "83 ROUTE DE GRIGNY 91130 Ris-Orangis", "count": 1, "medecins": "[{\"nom\": \"OPRON\", \"prenom\": \"Philippe\", \"savoir_faire\": \"Spécialiste en Médecine Générale\"}]"}}, {"type": "Feature", "geometry": {"type": "Point", "coordinates": [2.505867, 48.694004]}, "properties": {"adresse": "14 AVENUE DU MARECHAL DAVOUT 91800 Brunoy", "count": 1, "medecins": "[{\"nom\": \"MERCIER-COUDERT\", \"prenom\": \"Marie-Hélène\", \"savoir_faire\": \"Qualifié en Médecine Générale\"}]"}}, {"type": "Feature", "geometry": {"type": "Point", "coordinates": [2.384658, 48.688316]}, "properties": {"adresse": "53 RUE MONTTESSUY 91260 Juvisy-sur-Orge", "count": 1, "medecins": "[{\"nom\": \"KASSEM\", \"prenom\": \"Jamil\", \"savoir_faire\": \"Qualifié en Médecine Générale\"}]"}}, {"type": "Feature", "geometry": {"type": "Point", "coordinates": [2.461433, 48.433268]}, "properties": {"adresse": " MOULIN GRENAT 91490 Courances", "count": 1, "medecins": "[{\"nom\": \"PARANQUE\", \"prenom\": \"Philippe\", \"savoir_faire\": \"Spécialiste en Médecine Générale\"}]"}}, {"type": "Feature", "geometry": {"type": "Point", "coordinates": [2.333143, 48.5419]}, "properties": {"adresse": "3 RUE DE LA LIBERATION 91770 Saint-Vrain", "count": 1, "medecins": "[{\"nom\": \"WALME\", \"prenom\": \"Thierry\", \"savoir_faire\": \"Qualifié en Médecine Générale\"}]"}}, {"type": "Feature", "geometry": {"type": "Point", "coordinates": [2.166075, 48.437302]}, "properties": {"adresse": "6 RUE VAN LOO 91150 Étampes", "count": 1, "medecins": "[{\"nom\": \"TISSARD\", \"prenom\": \"Nathalie\", \"savoir_faire\": \"Qualifié en Médecine Générale\"}]"}}, {"type": "Feature", "geometry": {"type": "Point", "coordinates": [2.358901, 48.688584]}, "properties": {"adresse": "116 BOULEVARD ARISTIDE BRIAND 91600 Savigny-sur-Orge", "count": 1, "medecins": "[{\"nom\": \"VALENSI\", \"prenom\": \"Didier\", \"savoir_faire\": \"Qualifié en Médecine Générale\"}]"}}, {"type": "Feature", "geometry": {"type": "Point", "coordinates": [2.356142, 48.670901]}, "properties": {"adresse": "3 SQUARE DE LA BRASSERIE 91170 Viry-Châtillon", "count": 1, "medecins": "[{\"nom\": \"GAUTEREAU\", \"prenom\": \"Brigitte\", \"savoir_faire\": \"Qualifié en Médecine Générale\"}]"}}, {"type": "Feature", "geometry": {"type": "Point", "coordinates": [2.419302, 48.699932]}, "properties": {"adresse": "48 AVENUE HENRI BARBUSSE 91270 Vigneux-sur-Seine", "count": 1, "medecins": "[{\"nom\": \"ROUXEL\", \"prenom\": \"Antoine\", \"savoir_faire\": \"Qualifié en Médecine Générale\"}]"}}, {"type": "Feature", "geometry": {"type": "Point", "coordinates": [2.190499, 48.702132]}, "properties": {"adresse": "35 RUE CHARLES DE GAULLE 91400 Orsay", "count": 2, "medecins": "[{\"nom\": \"NOUVIAN\", \"prenom\": \"Christophe\", \"savoir_faire\": \"Qualifié en Médecine Générale\"}, {\"nom\": \"BONNIER\", \"prenom\": \"Frédéric\", \"savoir_faire\": \"Qualifié en Médecine Générale\"}]"}}, {"type": "Feature", "geometry": {"type": "Point", "coordinates": [2.461823, 48.703502]}, "properties": {"adresse": "103 AVENUE DE LA REPUBLIQUE 91230 Montgeron", "count": 1, "medecins": "[{\"nom\": \"THOUIN\", \"prenom\": \"Jacky\", \"savoir_faire\": \"Qualifié en Médecine Générale\"}]"}}, {"type": "Feature", "geometry": {"type": "Point", "coordinates": [2.115996, 48.687729]}, "properties": {"adresse": "1 RUE DES GOUSSONS 91190 Gif-sur-Yvette", "count": 3, "medecins": "[{\"nom\": \"TAQUIN\", \"prenom\": \"Philippe\", \"savoir_faire\": \"Qualifié en Médecine Générale\"}, {\"nom\": \"LE FUR\", \"prenom\": \"Sophie\", \"savoir_faire\": \"Qualifié en Médecine Générale\"}, {\"nom\": \"CIREASA\", \"prenom\": \"Cornelia Elena\", \"savoir_faire\": \"Spécialiste en Médecine Générale\"}]"}}, {"type": "Feature", "geometry": {"type": "Point", "coordinates": [2.3389, 48.6581]}, "properties": {"adresse": "3 AVENUE DE LA MARE TAMBOUR 91360 Villemoisson-sur-Orge", "count": 1, "medecins": "[{\"nom\": \"BENEDETTI-RICHARD\", \"prenom\": \"Laurence\", \"savoir_faire\": \"Qualifié en Médecine Générale\"}]"}}, {"type": "Feature", "geometry": {"type": "Point", "coordinates": [2.428191, 48.620953]}, "properties": {"adresse": "15 ALLEE BOISSY D ANGLAS 91000 Évry-Courcouronnes", "count": 2, "medecins": "[{\"nom\": \"MARTINEZ\", \"prenom\": \"Marie-Laure\", \"savoir_faire\": \"Qualifié en Médecine Générale\"}, {\"nom\": \"GIRAUDON-MARTY\", \"prenom\": \"Sandrine\", \"savoir_faire\": \"Qualifié en Médecine Générale\"}]"}}, {"type": "Feature", "geometry": {"type": "Point", "coordinates": [2.427748, 48.681028]}, "properties": {"adresse": "150 AVENUE EUGENE DELACROIX 91210 Draveil", "count": 1, "medecins": "[{\"nom\": \"CABERTY\", \"prenom\": \"Antoine\", \"savoir_faire\": \"Qualifié en Médecine Générale\"}]"}}, {"type": "Feature", "geometry": {"type": "Point", "coordinates": [2.468867, 48.402987]}, "properties": {"adresse": "31 GRANDE RUE 91490 Milly-la-Forêt", "count": 1, "medecins": "[{\"nom\": \"CAPELLETTI\", \"prenom\": \"Éric\", \"savoir_faire\": \"Qualifié en Médecine Générale\"}]"}}, {"type": "Feature", "geometry": {"type": "Point", "coordinates": [2.246564, 48.701921]}, "properties": {"adresse": "2 RUE DU VIADUC 91140 Villebon-sur-Yvette", "count": 2, "medecins": "[{\"nom\": \"LEGRESY\", \"prenom\": \"Sabine\", \"savoir_faire\": \"Qualifié en Médecine Générale\"}, {\"nom\": \"TAOUIL\", \"prenom\": \"Ilham\", \"savoir_faire\": \"Spécialiste en Médecine Générale\"}]"}}, {"type": "Feature", "geometry": {"type": "Point", "coordinates": [2.420961, 48.554964]}, "properties": {"adresse": "2 RUE GEOFFROY SAINT HILAIRE 91540 Mennecy", "count": 1, "medecins": "[{\"nom\": \"GREGORI\", \"prenom\": \"Patricia\", \"savoir_faire\": \"Qualifié en Médecine Générale\"}]"}}, {"type": "Feature", "geometry": {"type": "Point", "coordinates": [2.524442, 48.697674]}, "properties": {"adresse": "1 AVENUE VICTOR HUGO 91860 Épinay-sous-Sénart", "count": 1, "medecins": "[{\"nom\": \"BOUICHE\", \"prenom\": \"Mourad\", \"savoir_faire\": \"Qualifié en Médecine Générale\"}]"}}, {"type": "Feature", "geometry": {"type": "Point", "coordinates": [2.492385, 48.715058]}, "properties": {"adresse": "23 RUE CHARLES DE GAULLE 91330 Yerres", "count": 1, "medecins": "[{\"nom\": \"TMIM\", \"prenom\": \"Yacov-Laurent\", \"savoir_faire\": \"Qualifié en Médecine Générale\"}]"}}, {"type": "Feature", "geometry": {"type": "Point", "coordinates": [2.315178, 48.683967]}, "properties": {"adresse": "3 PLACE DES CHARMILLES 91160 Longjumeau", "count": 1, "medecins": "[{\"nom\": \"JEANNEAU\", \"prenom\": \"Laurence\", \"savoir_faire\": \"Spécialiste en Médecine Générale\"}]"}}, {"type": "Feature", "geometry": {"type": "Point", "coordinates": [2.425681, 48.637424]}, "properties": {"adresse": "170 BOULEVARD DES CHAMPS ELYSEES 91000 Évry-Courcouronnes", "count": 4, "medecins": "[{\"nom\": \"BRAY-BOUZIANE\", \"prenom\": \"Fatma\", \"savoir_faire\": \"Spécialiste en Médecine Générale\"}, {\"nom\": \"BOUGUERRA\", \"prenom\": \"SAMIR\", \"savoir_faire\": \"Spécialiste en Médecine Générale\"}, {\"nom\": \"TAYEBI-DRICI\", \"prenom\": \"Zineb\", \"savoir_faire\": \"Spécialiste en Médecine Générale\"}, {\"nom\": \"BOUMENNA\", \"prenom\": \"Abdelmalek\", \"savoir_faire\": \"Spécialiste en Médecine Générale\"}]"}}, {"type": "Feature", "geometry": {"type": "Point", "coordinates": [2.557708, 48.677057]}, "properties": {"adresse": "14 RUE DE LA LIBERATION 91480 Varennes-Jarcy", "count": 2, "medecins": "[{\"nom\": \"DIANTEILL\", \"prenom\": \"Stéphanie\", \"savoir_faire\": \"Qualifié en Médecine Générale\"}, {\"nom\": \"CAHEN-REGNAULT\", \"prenom\": \"Isabelle\", \"savoir_faire\": \"Spécialiste en Médecine Générale\"}]"}}, {"type": "Feature", "geometry": {"type": "Point", "coordinates": [2.143868, 48.681725]}, "properties": {"adresse": "58 ROUTE DE CHARTRES 91940 Gometz-le-Châtel", "count": 1, "medecins": "[{\"nom\": \"DINH-TRAN\", \"prenom\": \"Thi-Thanh\", \"savoir_faire\": \"Qualifié en Médecine Générale\"}]"}}, {"type": "Feature", "geometry": {"type": "Point", "coordinates": [2.522018, 48.697321]}, "properties": {"adresse": "6 VILLA OFFENBACH 91860 Épinay-sous-Sénart", "count": 1, "medecins": "[{\"nom\": \"BOUHAID\", \"prenom\": \"Said\", \"savoir_faire\": \"Qualifié en Médecine Générale\"}]"}}, {"type": "Feature", "geometry": {"type": "Point", "coordinates": [2.463887, 48.590315]}, "properties": {"adresse": "4 AVENUE CASSIOPEE 91100 Villabé", "count": 2, "medecins": "[{\"nom\": \"GAMAIN\", \"prenom\": \"Frédérique\", \"savoir_faire\": \"Qualifié en Médecine Générale\"}, {\"nom\": \"MARCHAL\", \"prenom\": \"Laurent\", \"savoir_faire\": \"Qualifié en Médecine Générale\"}]"}}, {"type": "Feature", "geometry": {"type": "Point", "coordinates": [2.343211, 48.659353]}, "properties": {"adresse": "7 SQUARE JEAN BAPTISTE CLEMENT 91390 Morsang-sur-Orge", "count": 1, "medecins": "[{\"nom\": \"BARTOLETTI-ARTIGES\", \"prenom\": \"Claire\", \"savoir_faire\": \"Qualifié en Médecine Générale\"}]"}}, {"type": "Feature", "geometry": {"type": "Point", "coordinates": [2.389769, 48.528726]}, "properties": {"adresse": "8 RUE DES BERNACHES 91610 Ballancourt-sur-Essonne", "count": 3, "medecins": "[{\"nom\": \"DE JESUS DE OLIVEIRA\", \"prenom\": \"Sandrine\", \"savoir_faire\": \"Spécialiste en Médecine Générale\"}, {\"nom\": \"SORGIATI\", \"prenom\": \"Laura\", \"savoir_faire\": \"Spécialiste en Médecine Générale\"}, {\"nom\": \"SIBI-DUREUIL\", \"prenom\": \"Renaud\", \"savoir_faire\": \"Spécialiste en Médecine Générale\"}]"}}, {"type": "Feature", "geometry": {"type": "Point", "coordinates": [2.240978, 48.657019]}, "properties": {"adresse": "8 CHEMIN DE LA BELLE EPINE 91620 Nozay", "count": 6, "medecins": "[{\"nom\": \"JACQUET\", \"prenom\": \"Caroline\", \"savoir_faire\": \"Spécialiste en Médecine Générale\"}, {\"nom\": \"JEGOU\", \"prenom\": \"François\", \"savoir_faire\": \"Spécialiste en Médecine Générale\"}, {\"nom\": \"GREMILLON\", \"prenom\": \"Pierre-André\", \"savoir_faire\": \"Spécialiste en Médecine Générale\"}, {\"nom\": \"BEN SALEM\", \"prenom\": \"Insaf\", \"savoir_faire\": \"Spécialiste en Médecine Générale\"}, {\"nom\": \"FERRANDI\", \"prenom\": \"Sylvie\", \"savoir_faire\": \"Spécialiste en Médecine Générale\"}, {\"nom\": \"SALMON\", \"prenom\": \"Mathilde\", \"savoir_faire\": \"Spécialiste en Médecine Générale\"}]"}}, {"type": "Feature", "geometry": {"type": "Point", "coordinates": [2.441907, 48.618782]}, "properties": {"adresse": "4 SQUARE ZEPHIRIN CAMELINAT 91000 Évry-Courcouronnes", "count": 1, "medecins": "[{\"nom\": \"RIFLE\", \"prenom\": \"Sylvie\", \"savoir_faire\": \"Qualifié en Médecine Générale\"}]"}}, {"type": "Feature", "geometry": {"type": "Point", "coordinates": [2.242887, 48.738974]}, "properties": {"adresse": "10 RUE DES COTEAUX 91370 Verrières-le-Buisson", "count": 1, "medecins": "[{\"nom\": \"GANDON-SHANKLAND\", \"prenom\": \"Sophie\", \"savoir_faire\": \"Spécialiste en Médecine Générale\"}]"}}, {"type": "Feature", "geometry": {"type": "Point", "coordinates": [2.374744, 48.665522]}, "properties": {"adresse": "21 ALLEE DU POTAGER 91170 Viry-Châtillon", "count": 1, "medecins": "[{\"nom\": \"BURY\", \"prenom\": \"Alain\", \"savoir_faire\": \"Qualifié en Médecine Générale\"}]"}}, {"type": "Feature", "geometry": {"type": "Point", "coordinates": [2.268945, 48.724201]}, "properties": {"adresse": "2 RUE GALVANI 91300 Massy", "count": 1, "medecins": "[{\"nom\": \"EDUN-OOZEER\", \"prenom\": \"SADIA\", \"savoir_faire\": \"Spécialiste en Médecine Générale\"}]"}}, {"type": "Feature", "geometry": {"type": "Point", "coordinates": [2.181813, 48.752792]}, "properties": {"adresse": "42 RUE VICTOR HUGO 91400 Saclay", "count": 3, "medecins": "[{\"nom\": \"LELONG-BONTE\", \"prenom\": \"Caroline\", \"savoir_faire\": \"Spécialiste en Médecine Générale\"}, {\"nom\": \"SEIBOLD\", \"prenom\": \"Matthieu\", \"savoir_faire\": \"Spécialiste en Médecine Générale\"}, {\"nom\": \"FIARI\", \"prenom\": \"Kelvin\", \"savoir_faire\": \"Spécialiste en Médecine Générale\"}]"}}, {"type": "Feature", "geometry": {"type": "Point", "coordinates": [2.355012, 48.6494]}, "properties": {"adresse": "1 VOIE DE COMPIEGNE 91390 Morsang-sur-Orge", "count": 1, "medecins": "[{\"nom\": \"RABEFIRAISANA\", \"prenom\": \"MAHALISOA\", \"savoir_faire\": \"Spécialiste en Médecine Générale\"}]"}}, {"type": "Feature", "geometry": {"type": "Point", "coordinates": [2.421075, 48.564465]}, "properties": {"adresse": " PARC DE VILLEROY 91540 Mennecy", "count": 1, "medecins": "[{\"nom\": \"CHABIN\", \"prenom\": \"Antoine\", \"savoir_faire\": \"Spécialiste en Médecine Générale\"}]"}}, {"type": "Feature", "geometry": {"type": "Point", "coordinates": [2.247229, 48.716574]}, "properties": {"adresse": "49 RUE DE PARIS 91120 Palaiseau", "count": 1, "medecins": "[{\"nom\": \"HAYKAL\", \"prenom\": \"Diala\", \"savoir_faire\": \"Spécialiste en Médecine Générale\"}]"}}, {"type": "Feature", "geometry": {"type": "Point", "coordinates": [2.264874, 48.521195]}, "properties": {"adresse": "67 GRANDE RUE 91510 Lardy", "count": 2, "medecins": "[{\"nom\": \"DUBOIS-GIRY\", \"prenom\": \"Oriane\", \"savoir_faire\": \"Spécialiste en Médecine Générale\"}, {\"nom\": \"CHAIX\", \"prenom\": \"Erica\", \"savoir_faire\": \"Spécialiste en Médecine Générale\"}]"}}, {"type": "Feature", "geometry": {"type": "Point", "coordinates": [2.272048, 48.70526]}, "properties": {"adresse": "24 RUE DE SAULX 91160 Champlan", "count": 1, "medecins": "[{\"nom\": \"LE GALL\", \"prenom\": \"Gaëlle\", \"savoir_faire\": \"Spécialiste en Médecine Générale\"}]"}}, {"type": "Feature", "geometry": {"type": "Point", "coordinates": [2.259122, 48.613929]}, "properties": {"adresse": "3 IMPASSE DU SEIBEL 91310 Leuville-sur-Orge", "count": 3, "medecins": "[{\"nom\": \"BELLON\", \"prenom\": \"Amélie\", \"savoir_faire\": \"Spécialiste en Médecine Générale\"}, {\"nom\": \"DOUCOURE\", \"prenom\": \"Anne\", \"savoir_faire\": \"Spécialiste en Médecine Générale\"}, {\"nom\": \"ORYE-CORLOUER\", \"prenom\": \"Margaretha\", \"savoir_faire\": \"Spécialiste en Médecine Générale\"}]"}}, {"type": "Feature", "geometry": {"type": "Point", "coordinates": [2.289401, 48.733163]}, "properties": {"adresse": "13 RUE DE L'OPERA 91300 Massy", "count": 1, "medecins": "[{\"nom\": \"COUMAR\", \"prenom\": \"OUMA\", \"savoir_faire\": \"Spécialiste en Médecine Générale\"}]"}}, {"type": "Feature", "geometry": {"type": "Point", "coordinates": [2.507878, 48.704626]}, "properties": {"adresse": "26 AVENUE BOLVILLER 91800 Brunoy", "count": 1, "medecins": "[{\"nom\": \"GIAVARINI\", \"prenom\": \"Udo\", \"savoir_faire\": \"Spécialiste en Médecine Générale\"}]"}}, {"type": "Feature", "geometry": {"type": "Point", "coordinates": [2.368954, 48.701414]}, "properties": {"adresse": "61 RUE DE LA MUTUALITE 91200 Athis-Mons", "count": 1, "medecins": "[{\"nom\": \"COHEN\", \"prenom\": \"Gérard\", \"savoir_faire\": \"Spécialiste en Médecine Générale\"}]"}}, {"type": "Feature", "geometry": {"type": "Point", "coordinates": [2.387761, 48.611416]}, "properties": {"adresse": "14 RUE DES PERDRIX 91070 Bondoufle", "count": 1, "medecins": "[{\"nom\": \"HINARD\", \"prenom\": \"Marc\", \"savoir_faire\": \"Spécialiste en Médecine Générale\"}]"}}, {"type": "Feature", "geometry": {"type": "Point", "coordinates": [2.505974, 48.698328]}, "properties": {"adresse": "9 RUE PHILISBOURG 91800 Brunoy", "count": 1, "medecins": "[{\"nom\": \"ROBERT\", \"prenom\": \"Éric\", \"savoir_faire\": \"Spécialiste en Médecine Générale\"}]"}}, {"type": "Feature", "geometry": {"type": "Point", "coordinates": [2.18602, 48.696719]}, "properties": {"adresse": "8 RUE DE PARIS 91400 Orsay", "count": 1, "medecins": "[{\"nom\": \"BOUCHERIE\", \"prenom\": \"Béatrix\", \"savoir_faire\": \"Médecine Générale\"}]"}}, {"type": "Feature", "geometry": {"type": "Point", "coordinates": [2.326797, 48.647427]}, "properties": {"adresse": "167 AVENUE GABRIEL PERI 91700 Sainte-Geneviève-des-Bois", "count": 1, "medecins": "[{\"nom\": \"PRAYSSAC\", \"prenom\": \"Richard\", \"savoir_faire\": \"Qualifié en Médecine Générale\"}]"}}, {"type": "Feature", "geometry": {"type": "Point", "coordinates": [2.246921, 48.715385]}, "properties": {"adresse": "7 RUE PASTEUR 91120 Palaiseau", "count": 1, "medecins": "[{\"nom\": \"GHASAROSSIAN\", \"prenom\": \"Christian\", \"savoir_faire\": \"Spécialiste en Médecine Générale\"}]"}}, {"type": "Feature", "geometry": {"type": "Point", "coordinates": [2.369873, 48.699267]}, "properties": {"adresse": "18 AVENUE DE MORANGIS 91200 Athis-Mons", "count": 1, "medecins": "[{\"nom\": \"PATINAUX\", \"prenom\": \"Sylviane\", \"savoir_faire\": \"Spécialiste en Médecine Générale\"}]"}}, {"type": "Feature", "geometry": {"type": "Point", "coordinates": [2.353459, 48.646273]}, "properties": {"adresse": "6 PLACE AIME ET MARIE GEOFFROY 91390 Morsang-sur-Orge", "count": 1, "medecins": "[{\"nom\": \"DECOUZON\", \"prenom\": \"Hervé\", \"savoir_faire\": \"Spécialiste en Médecine Générale\"}]"}}, {"type": "Feature", "geometry": {"type": "Point", "coordinates": [2.353237, 48.676034]}, "properties": {"adresse": "5 PLACE DAVOUT 91600 Savigny-sur-Orge", "count": 1, "medecins": "[{\"nom\": \"RUC\", \"prenom\": \"Didier\", \"savoir_faire\": \"Spécialiste en Médecine Générale\"}]"}}, {"type": "Feature", "geometry": {"type": "Point", "coordinates": [2.420846, 48.629228]}, "properties": {"adresse": "7 RUE CHARLIE CHAPLIN 91080 Courcouronnes", "count": 2, "medecins": "[{\"nom\": \"HUMBLOT-BAYARD\", \"prenom\": \"Valérie\", \"savoir_faire\": \"Qualifié en Médecine Générale\"}, {\"nom\": \"DE LACOSTE\", \"prenom\": \"Mathieu\", \"savoir_faire\": \"Spécialiste en Médecine Générale\"}]"}}, {"type": "Feature", "geometry": {"type": "Point", "coordinates": [2.434094, 48.464202]}, "properties": {"adresse": "27 RUE D EN BAS 91890 Videlles", "count": 1, "medecins": "[{\"nom\": \"SULAWA\", \"prenom\": \"Francis\", \"savoir_faire\": \"Qualifié en Médecine Générale\"}]"}}, {"type": "Feature", "geometry": {"type": "Point", "coordinates": [2.490855, 48.716588]}, "properties": {"adresse": "38 RUE CHARLES DE GAULLE 91330 Yerres", "count": 1, "medecins": "[{\"nom\": \"LACHARME\", \"prenom\": \"Michèle\", \"savoir_faire\": \"Qualifié en Médecine Générale\"}]"}}, {"type": "Feature", "geometry": {"type": "Point", "coordinates": [2.16132, 48.711163]}, "properties": {"adresse": "6 MAIL PIERRE POTIER 91190 Gif-sur-Yvette", "count": 1, "medecins": "[{\"nom\": \"PINTO\", \"prenom\": \"Gabriel\", \"savoir_faire\": \"Qualifié en Médecine Générale\"}]"}}, {"type": "Feature", "geometry": {"type": "Point", "coordinates": [2.294871, 48.694774]}, "properties": {"adresse": "4 RUE LEONTINE SOHIER 91160 Longjumeau", "count": 1, "medecins": "[{\"nom\": \"PIJEAT\", \"prenom\": \"Christine\", \"savoir_faire\": \"Spécialiste en Médecine Générale\"}]"}}, {"type": "Feature", "geometry": {"type": "Point", "coordinates": [2.171246, 48.680553]}, "properties": {"adresse": "11 RUE DU FOREZ 91940 Les Ulis", "count": 1, "medecins": "[{\"nom\": \"DESMET\", \"prenom\": \"Stéphane\", \"savoir_faire\": \"Qualifié en Médecine Générale\"}]"}}, {"type": "Feature", "geometry": {"type": "Point", "coordinates": [2.295418, 48.674814]}, "properties": {"adresse": "3 RUE DU GENERAL LECLERC 91160 Ballainvilliers", "count": 1, "medecins": "[{\"nom\": \"LEANG\", \"prenom\": \"Rithy\", \"savoir_faire\": \"Spécialiste en Médecine Générale\"}]"}}, {"type": "Feature", "geometry": {"type": "Point", "coordinates": [2.010154, 48.527181]}, "properties": {"adresse": "18 RUE DES VERGERS SAINT JACQUES 91410 Dourdan", "count": 2, "medecins": "[{\"nom\": \"BLOCH\", \"prenom\": \"Corinne\", \"savoir_faire\": \"Spécialiste en Médecine Générale\"}, {\"nom\": \"RHEINART\", \"prenom\": \"Bénédicte\", \"savoir_faire\": \"Spécialiste en Médecine Générale\"}]"}}, {"type": "Feature", "geometry": {"type": "Point", "coordinates": [2.362977, 48.694372]}, "properties": {"adresse": "9 RUE ALBERT SARRAUT 91260 Juvisy-sur-Orge", "count": 1, "medecins": "[{\"nom\": \"COSTEA\", \"prenom\": \"Dorina-Maria\", \"savoir_faire\": \"Spécialiste en Médecine Générale\"}]"}}, {"type": "Feature", "geometry": {"type": "Point", "coordinates": [2.345174, 48.68372]}, "properties": {"adresse": "56 RUE GOUNOD 91600 Savigny-sur-Orge", "count": 1, "medecins": "[{\"nom\": \"SEAUX\", \"prenom\": \"Juliette\", \"savoir_faire\": \"Spécialiste en Médecine Générale\"}]"}}, {"type": "Feature", "geometry": {"type": "Point", "coordinates": [2.309175, 48.694675]}, "properties": {"adresse": "71 RUE DE GRAVIGNY 91380 Chilly-Mazarin", "count": 1, "medecins": "[{\"nom\": \"RAKOTOARIVONY\", \"prenom\": \"Daniel\", \"savoir_faire\": \"Spécialiste en Médecine Générale\"}]"}}, {"type": "Feature", "geometry": {"type": "Point", "coordinates": [2.485885, 48.614308]}, "properties": {"adresse": "1 PLACE SAINT LEONARD 91100 Corbeil-Essonnes", "count": 1, "medecins": "[{\"nom\": \"MANALLAH\", \"prenom\": \"Soraya\", \"savoir_faire\": \"Qualifié en Médecine Générale\"}]"}}, {"type": "Feature", "geometry": {"type": "Point", "coordinates": [2.238881, 48.584433]}, "properties": {"adresse": "29 ROUTE D EGLY 91290 Arpajon", "count": 1, "medecins": "[{\"nom\": \"BURTOI\", \"prenom\": \"Valéria\", \"savoir_faire\": \"Spécialiste en Médecine Générale\"}]"}}, {"type": "Feature", "geometry": {"type": "Point", "coordinates": [2.186178, 48.6975]}, "properties": {"adresse": "14 ALLEE LOUIS CLEMENT FALLER 91400 Orsay", "count": 1, "medecins": "[{\"nom\": \"BOURRE\", \"prenom\": \"Benoit\", \"savoir_faire\": \"Spécialiste en Médecine Générale\"}]"}}, {"type": "Feature", "geometry": {"type": "Point", "coordinates": [2.163953, 48.681458]}, "properties": {"adresse": "29 ALLEE DES AMONTS 91940 Les Ulis", "count": 1, "medecins": "[{\"nom\": \"BENAYOUNE\", \"prenom\": \"Abdeldjalil\", \"savoir_faire\": \"Spécialiste en Médecine Générale\"}]"}}, {"type": "Feature", "geometry": {"type": "Point", "coordinates": [2.380505, 48.704226]}, "properties": {"adresse": "128 AVENUE JULES VALLES 91200 Athis-Mons", "count": 1, "medecins": "[{\"nom\": \"BELALIA\", \"prenom\": \"HANIFI\", \"savoir_faire\": \"Spécialiste en Médecine Générale\"}]"}}, {"type": "Feature", "geometry": {"type": "Point", "coordinates": [2.234168, 48.717524]}, "properties": {"adresse": "1 RUE JEAN CATTANT 91120 Palaiseau", "count": 1, "medecins": "[{\"nom\": \"LESAGE\", \"prenom\": \"Guillaume\", \"savoir_faire\": \"Spécialiste en Médecine Générale\"}]"}}, {"type": "Feature", "geometry": {"type": "Point", "coordinates": [2.152971, 48.694582]}, "properties": {"adresse": "14 RUE DE LA HACQUINIERE 91440 Bures-sur-Yvette", "count": 1, "medecins": "[{\"nom\": \"AGOGUE\", \"prenom\": \"Florence\", \"savoir_faire\": \"Spécialiste en Médecine Générale\"}]"}}, {"type": "Feature", "geometry": {"type": "Point", "coordinates": [2.442551, 48.690036]}, "properties": {"adresse": "5 RUE DES FOUGERES 91270 Vigneux-sur-Seine", "count": 1, "medecins": "[{\"nom\": \"FOPA LONTCHI\", \"prenom\": \"Louis\", \"savoir_faire\": \"Spécialiste en Médecine Générale\"}]"}}, {"type": "Feature", "geometry": {"type": "Point", "coordinates": [2.264932, 48.721336]}, "properties": {"adresse": "23 RUE LEONARD DE VINCI 91300 Massy", "count": 2, "medecins": "[{\"nom\": \"TEBBANI\", \"prenom\": \"Nadia\", \"savoir_faire\": \"Spécialiste en Médecine Générale\"}, {\"nom\": \"ABICHOU-JELOUALI\", \"prenom\": \"Amel\", \"savoir_faire\": \"Spécialiste en Médecine Générale\"}]"}}, {"type": "Feature", "geometry": {"type": "Point", "coordinates": [2.26076, 48.730351]}, "properties": {"adresse": "42 AVENUE PRESIDENT SALVADOR ALLENDE 91300 Massy", "count": 1, "medecins": "[{\"nom\": \"BAHEZRE\", \"prenom\": \"Djamila\", \"savoir_faire\": \"Spécialiste en Médecine Générale\"}]"}}, {"type": "Feature", "geometry": {"type": "Point", "coordinates": [2.460092, 48.714465]}, "properties": {"adresse": "2 PLACE BOILEAU 91560 Crosne", "count": 1, "medecins": "[{\"nom\": \"SALASAP\", \"prenom\": \"Sommala\", \"savoir_faire\": \"Spécialiste en Médecine Générale\"}]"}}, {"type": "Feature", "geometry": {"type": "Point", "coordinates": [2.293394, 48.530323]}, "properties": {"adresse": " RUE LOUIS RENE VILLERME 91510 Lardy", "count": 1, "medecins": "[{\"nom\": \"ROMERO\", \"prenom\": \"Joaquima\", \"savoir_faire\": \"Spécialiste en Médecine Générale\"}]"}}, {"type": "Feature", "geometry": {"type": "Point", "coordinates": [2.205842, 48.734242]}, "properties": {"adresse": "6 PLACE DU GENERAL LECLERC 91430 Vauhallan", "count": 2, "medecins": "[{\"nom\": \"BOURJOUANE\", \"prenom\": \"Khalid\", \"savoir_faire\": \"Spécialiste en Médecine Générale\"}, {\"nom\": \"HO BA THO\", \"prenom\": \"Jean-Jacques\", \"savoir_faire\": \"Qualifié en Médecine Générale\"}]"}}, {"type": "Feature", "geometry": {"type": "Point", "coordinates": [2.12833, 48.361564]}, "properties": {"adresse": "6 AVENUE JEAN JAURES 91690 Saclas", "count": 1, "medecins": "[{\"nom\": \"SCHOM\", \"prenom\": \"Pierre-Edouard\", \"savoir_faire\": \"Spécialiste en Médecine Générale\"}]"}}, {"type": "Feature", "geometry": {"type": "Point", "coordinates": [2.495498, 48.707919]}, "properties": {"adresse": "14 RUE MARCEAU BALLIOT 91330 Yerres", "count": 1, "medecins": "[{\"nom\": \"ZITOUNI\", \"prenom\": \"Ouissem\", \"savoir_faire\": \"Spécialiste en Médecine Générale\"}]"}}, {"type": "Feature", "geometry": {"type": "Point", "coordinates": [2.487977, 48.707608]}, "properties": {"adresse": "60 RUE GABRIEL PERI 91330 Yerres", "count": 1, "medecins": "[{\"nom\": \"SMILA\", \"prenom\": \"Denis\", \"savoir_faire\": \"Qualifié en Médecine Générale\"}]"}}, {"type": "Feature", "geometry": {"type": "Point", "coordinates": [2.492666, 48.620197]}, "properties": {"adresse": " ALLEE VAL FLEURY 91250 Saint-Germain-lès-Corbeil", "count": 1, "medecins": "[{\"nom\": \"DELVERT GUERRET\", \"prenom\": \"Geneviève\", \"savoir_faire\": \"Spécialiste en Médecine Générale\"}]"}}, {"type": "Feature", "geometry": {"type": "Point", "coordinates": [2.473617, 48.607277]}, "properties": {"adresse": "80 RUE FERAY 91100 Corbeil-Essonnes", "count": 1, "medecins": "[{\"nom\": \"FONTAINE\", \"prenom\": \"Marc\", \"savoir_faire\": \"Spécialiste en Médecine Générale\"}]"}}, {"type": "Feature", "geometry": {"type": "Point", "coordinates": [2.361726, 48.665787]}, "properties": {"adresse": "44 RUE DE VIRY 91390 Morsang-sur-Orge", "count": 1, "medecins": "[{\"nom\": \"BRINDUSE\", \"prenom\": \"Philippe\", \"savoir_faire\": \"Qualifié en Médecine Générale\"}]"}}, {"type": "Feature", "geometry": {"type": "Point", "coordinates": [2.410805, 48.657596]}, "properties": {"adresse": "3 PLACE ALPHONSE DAUDET 91130 Ris-Orangis", "count": 1, "medecins": "[{\"nom\": \"DZU\", \"prenom\": \"Albert\", \"savoir_faire\": \"Qualifié en Médecine Générale\"}]"}}, {"type": "Feature", "geometry": {"type": "Point", "coordinates": [2.344852, 48.516287]}, "properties": {"adresse": "97 RUE SAINT GERMAIN 91760 Itteville", "count": 1, "medecins": "[{\"nom\": \"RABINE\", \"prenom\": \"Catherine\", \"savoir_faire\": \"Qualifié en Médecine Générale\"}]"}}, {"type": "Feature", "geometry": {"type": "Point", "coordinates": [2.405138, 48.649778]}, "properties": {"adresse": "18 RUE DU MOULIN A VENT 91130 Ris-Orangis", "count": 1, "medecins": "[{\"nom\": \"WALTER\", \"prenom\": \"Alain\", \"savoir_faire\": \"Spécialiste en Médecine Générale\"}]"}}, {"type": "Feature", "geometry": {"type": "Point", "coordinates": [1.991522, 48.349915]}, "properties": {"adresse": "20 PLACE DU CAROUGE 91740 Pussay", "count": 1, "medecins": "[{\"nom\": \"ARHAN\", \"prenom\": \"Joël\", \"savoir_faire\": \"Qualifié en Médecine Générale\"}]"}}, {"type": "Feature", "geometry": {"type": "Point", "coordinates": [2.387051, 48.654666]}, "properties": {"adresse": "5 CHEMIN DU PLESSIS 91350 Grigny", "count": 1, "medecins": "[{\"nom\": \"YVRANDE\", \"prenom\": \"Jean-Yves\", \"savoir_faire\": \"Qualifié en Médecine Générale\"}]"}}, {"type": "Feature", "geometry": {"type": "Point", "coordinates": [2.283408, 48.731832]}, "properties": {"adresse": "45 RUE APPERT 91300 Massy", "count": 1, "medecins": "[{\"nom\": \"THIBEAUDAU\", \"prenom\": \"François\", \"savoir_faire\": \"Spécialiste en Médecine Générale\"}]"}}, {"type": "Feature", "geometry": {"type": "Point", "coordinates": [2.501624, 48.698618]}, "properties": {"adresse": "7 RUE DU REVEILLON 91800 Brunoy", "count": 1, "medecins": "[{\"nom\": \"FLORIO\", \"prenom\": \"Jean-Charles\", \"savoir_faire\": \"Qualifié en Médecine Générale\"}]"}}, {"type": "Feature", "geometry": {"type": "Point", "coordinates": [2.284402, 48.728278]}, "properties": {"adresse": "16 AVENUE NATIONALE 91300 Massy", "count": 1, "medecins": "[{\"nom\": \"BRAULT-BRAMI\", \"prenom\": \"Marie Laure\", \"savoir_faire\": \"Qualifié en Médecine Générale\"}]"}}, {"type": "Feature", "geometry": {"type": "Point", "coordinates": [2.136489, 48.702652]}, "properties": {"adresse": "4 RUE GUSTAVE VATONNE 91190 Gif-sur-Yvette", "count": 1, "medecins": "[{\"nom\": \"MAAS\", \"prenom\": \"Henri\", \"savoir_faire\": \"Qualifié en Médecine Générale\"}]"}}, {"type": "Feature", "geometry": {"type": "Point", "coordinates": [2.254975, 48.716268]}, "properties": {"adresse": "29 AVENUE DE STALINGRAD 91120 Palaiseau", "count": 2, "medecins": "[{\"nom\": \"DUMOND\", \"prenom\": \"Frédéric\", \"savoir_faire\": \"Spécialiste en Médecine Générale\"}, {\"nom\": \"TESSIER\", \"prenom\": \"Alain\", \"savoir_faire\": \"Spécialiste en Médecine Générale\"}]"}}, {"type": "Feature", "geometry": {"type": "Point", "coordinates": [2.333816, 48.642503]}, "properties": {"adresse": "126 ROUTE DE CORBEIL 91700 Sainte-Geneviève-des-Bois", "count": 1, "medecins": "[{\"nom\": \"BACHLER\", \"prenom\": \"Éric\", \"savoir_faire\": \"Qualifié en Médecine Générale\"}]"}}, {"type": "Feature", "geometry": {"type": "Point", "coordinates": [2.371619, 48.701766]}, "properties": {"adresse": "41 AVENUE FRANCOIS MITTERRAND 91200 Athis-Mons", "count": 1, "medecins": "[{\"nom\": \"SEMELI\", \"prenom\": \"Bernard\", \"savoir_faire\": \"Qualifié en Médecine Générale\"}]"}}, {"type": "Feature", "geometry": {"type": "Point", "coordinates": [2.390187, 48.703828]}, "properties": {"adresse": "131 AVENUE DU 18 AVRIL 91200 Athis-Mons", "count": 1, "medecins": "[{\"nom\": \"FIOUZI YOUSSEFI\", \"prenom\": \"CHARLES\", \"savoir_faire\": \"Qualifié en Médecine Générale\"}]"}}, {"type": "Feature", "geometry": {"type": "Point", "coordinates": [2.495305, 48.47496]}, "properties": {"adresse": "6 GRANDE RUE 91840 Soisy-sur-École", "count": 1, "medecins": "[{\"nom\": \"PAQUET\", \"prenom\": \"Fabien\", \"savoir_faire\": \"Qualifié en Médecine Générale\"}]"}}, {"type": "Feature", "geometry": {"type": "Point", "coordinates": [2.217305, 48.751349]}, "properties": {"adresse": "20 AVENUE DE LA GARE 91570 Bièvres", "count": 2, "medecins": "[{\"nom\": \"MAYOT\", \"prenom\": \"Laurence\", \"savoir_faire\": \"Spécialiste en Médecine Générale\"}, {\"nom\": \"REVEILLAUD\", \"prenom\": \"Olivier\", \"savoir_faire\": \"Spécialiste en Médecine Générale\"}]"}}, {"type": "Feature", "geometry": {"type": "Point", "coordinates": [2.42838, 48.701622]}, "properties": {"adresse": "6 RUE GABRIEL PERI 91270 Vigneux-sur-Seine", "count": 1, "medecins": "[{\"nom\": \"MATEUS\", \"prenom\": \"Victor\", \"savoir_faire\": \"Qualifié en Médecine Générale\"}]"}}, {"type": "Feature", "geometry": {"type": "Point", "coordinates": [2.137484, 48.698906]}, "properties": {"adresse": "9 RUE RAOUL DAUTRY 91190 Gif-sur-Yvette", "count": 1, "medecins": "[{\"nom\": \"JARDY GENTON\", \"prenom\": \"Carole\", \"savoir_faire\": \"Qualifié en Médecine Générale\"}]"}}, {"type": "Feature", "geometry": {"type": "Point", "coordinates": [2.442777, 48.633161]}, "properties": {"adresse": "3 PLACE DU ROUILLON 91000 Évry-Courcouronnes", "count": 1, "medecins": "[{\"nom\": \"BARIL\", \"prenom\": \"Sylvie\", \"savoir_faire\": \"Qualifié en Médecine Générale\"}]"}}, {"type": "Feature", "geometry": {"type": "Point", "coordinates": [2.301968, 48.564887]}, "properties": {"adresse": "1 RUE LOUIS BLERIOT 91630 Marolles-en-Hurepoix", "count": 1, "medecins": "[{\"nom\": \"CANIVEZ\", \"prenom\": \"Stéphane\", \"savoir_faire\": \"Spécialiste en Médecine Générale\"}]"}}, {"type": "Feature", "geometry": {"type": "Point", "coordinates": [2.010627, 48.527025]}, "properties": {"adresse": "1 PLACE BAD WIESSEE 91410 Dourdan", "count": 1, "medecins": "[{\"nom\": \"FERRAND\", \"prenom\": \"Elise\", \"savoir_faire\": \"Spécialiste en Médecine Générale\"}]"}}, {"type": "Feature", "geometry": {"type": "Point", "coordinates": [2.190199, 48.593021]}, "properties": {"adresse": "34 RUE DE LA LIBERATION 91680 Bruyères-le-Châtel", "count": 2, "medecins": "[{\"nom\": \"LE FUR\", \"prenom\": \"Patrick\", \"savoir_faire\": \"Spécialiste en Médecine Générale\"}, {\"nom\": \"YOUSFI\", \"prenom\": \"Mohamed-Salah\", \"savoir_faire\": \"Spécialiste en Médecine Générale\"}]"}}, {"type": "Feature", "geometry": {"type": "Point", "coordinates": [2.170237, 48.569004]}, "properties": {"adresse": "13 RUE DES ECOLES 91650 Breuillet", "count": 1, "medecins": "[{\"nom\": \"GIOT\", \"prenom\": \"Yann\", \"savoir_faire\": \"Spécialiste en Médecine Générale\"}]"}}, {"type": "Feature", "geometry": {"type": "Point", "coordinates": [2.173994, 48.57193]}, "properties": {"adresse": "22 CITE DES GRAVIERS 91650 Breuillet", "count": 1, "medecins": "[{\"nom\": \"CHEMSI\", \"prenom\": \"Tariq\", \"savoir_faire\": \"Spécialiste en Médecine Générale\"}]"}}, {"type": "Feature", "geometry": {"type": "Point", "coordinates": [2.293122, 48.67662]}, "properties": {"adresse": "8 RUE DU ROUILLON 91160 Ballainvilliers", "count": 1, "medecins": "[{\"nom\": \"RICOIS\", \"prenom\": \"Jean-François\", \"savoir_faire\": \"Qualifié en Médecine Générale\"}]"}}, {"type": "Feature", "geometry": {"type": "Point", "coordinates": [2.326579, 48.479118]}, "properties": {"adresse": "2 CHEMIN VERT 91590 Cerny", "count": 1, "medecins": "[{\"nom\": \"KANOUN-DRIRA\", \"prenom\": \"Hajer\", \"savoir_faire\": \"Spécialiste en Médecine Générale\"}]"}}, {"type": "Feature", "geometry": {"type": "Point", "coordinates": [2.493747, 48.687691]}, "properties": {"adresse": "75 AVENUE DU GENERAL LECLERC 91800 Brunoy", "count": 1, "medecins": "[{\"nom\": \"DORE\", \"prenom\": \"Béatrice\", \"savoir_faire\": \"Qualifié en Médecine Générale\"}]"}}, {"type": "Feature", "geometry": {"type": "Point", "coordinates": [2.358316, 48.571829]}, "properties": {"adresse": "1 RUE DES FERMES 91810 Vert-le-Grand", "count": 2, "medecins": "[{\"nom\": \"KHALFI\", \"prenom\": \"Ahmed\", \"savoir_faire\": \"Spécialiste en Médecine Générale\"}, {\"nom\": \"KAID SLIMANE\", \"prenom\": \"Abderrahmane\", \"savoir_faire\": \"Spécialiste en Médecine Générale\"}]"}}, {"type": "Feature", "geometry": {"type": "Point", "coordinates": [2.162986, 48.695257]}, "properties": {"adresse": "12 RUE DU GENERAL LECLERC 91440 Bures-sur-Yvette", "count": 1, "medecins": "[{\"nom\": \"ZITOUNI-GRAZIANA\", \"prenom\": \"Bouchra\", \"savoir_faire\": \"Spécialiste en Médecine Générale\"}]"}}, {"type": "Feature", "geometry": {"type": "Point", "coordinates": [2.285185, 48.518694]}, "properties": {"adresse": "6 RUE DE VERDUN 91850 Bouray-sur-Juine", "count": 1, "medecins": "[{\"nom\": \"ANDREI\", \"prenom\": \"LIGIA\", \"savoir_faire\": \"Qualifié en Médecine Générale\"}]"}}, {"type": "Feature", "geometry": {"type": "Point", "coordinates": [2.261046, 48.729633]}, "properties": {"adresse": "27 AVENUE RAYMOND ARON 91300 Massy", "count": 1, "medecins": "[{\"nom\": \"RATS\", \"prenom\": \"Pierre-Alexis\", \"savoir_faire\": \"Spécialiste en Médecine Générale\"}]"}}, {"type": "Feature", "geometry": {"type": "Point", "coordinates": [2.270072, 48.658866]}, "properties": {"adresse": " GRANDE RUE 91620 La Ville-du-Bois", "count": 1, "medecins": "[{\"nom\": \"OKBA\", \"prenom\": \"ALI\", \"savoir_faire\": \"Spécialiste en Médecine Générale\"}]"}}, {"type": "Feature", "geometry": {"type": "Point", "coordinates": [2.43215, 48.632501]}, "properties": {"adresse": "201 RUE PIERRE ET MARIE CURIE 91000 Évry-Courcouronnes", "count": 2, "medecins": "[{\"nom\": \"LEXUTAN-INDRE\", \"prenom\": \"Délia\", \"savoir_faire\": \"Spécialiste en Médecine Générale\"}, {\"nom\": \"DUONG\", \"prenom\": \"Minh Quang\", \"savoir_faire\": \"Spécialiste en Médecine Générale\"}]"}}, {"type": "Feature", "geometry": {"type": "Point", "coordinates": [2.463153, 48.701392]}, "properties": {"adresse": "10 RUE POVOA DE VARZIM 91230 Montgeron", "count": 1, "medecins": "[{\"nom\": \"LESOURD\", \"prenom\": \"Laura\", \"savoir_faire\": \"Spécialiste en Médecine Générale\"}]"}}, {"type": "Feature", "geometry": {"type": "Point", "coordinates": [2.263729, 48.742779]}, "properties": {"adresse": "24 BOULEVARD DU MARECHAL FOCH 91370 Verrières-le-Buisson", "count": 1, "medecins": "[{\"nom\": \"AHMAD\", \"prenom\": \"Dalia\", \"savoir_faire\": \"Spécialiste en Médecine Générale\"}]"}}, {"type": "Feature", "geometry": {"type": "Point", "coordinates": [2.376843, 48.67071]}, "properties": {"adresse": "74 RUE FRANCOEUR 91170 Viry-Châtillon", "count": 1, "medecins": "[{\"nom\": \"ABOULKHEIR\", \"prenom\": \"Jérémy\", \"savoir_faire\": \"Spécialiste en Médecine Générale\"}]"}}, {"type": "Feature", "geometry": {"type": "Point", "coordinates": [2.460255, 48.717701]}, "properties": {"adresse": "30 RUE COLBERT 91560 Crosne", "count": 2, "medecins": "[{\"nom\": \"RAKOTOMANANA\", \"prenom\": \"Salomon\", \"savoir_faire\": \"Spécialiste en Médecine Générale\"}, {\"nom\": \"RANANJA\", \"prenom\": \"Hanta\", \"savoir_faire\": \"Spécialiste en Médecine Générale\"}]"}}, {"type": "Feature", "geometry": {"type": "Point", "coordinates": [2.380052, 48.69088]}, "properties": {"adresse": "18 AVENUE D ESTIENNE D ORVES 91260 Juvisy-sur-Orge", "count": 2, "medecins": "[{\"nom\": \"XU\", \"prenom\": \"Quentin\", \"savoir_faire\": \"Spécialiste en Médecine Générale\"}, {\"nom\": \"BOUABDELLI\", \"prenom\": \"Ikram\", \"savoir_faire\": \"Spécialiste en Médecine Générale\"}]"}}, {"type": "Feature", "geometry": {"type": "Point", "coordinates": [2.429688, 48.640746]}, "properties": {"adresse": "51 RUE ALEXANDRE SOLJENITSYNE 91000 Évry-Courcouronnes", "count": 1, "medecins": "[{\"nom\": \"MUKENDI-PAPA\", \"prenom\": \"Cécile\", \"savoir_faire\": \"Qualifié en Médecine Générale\"}]"}}, {"type": "Feature", "geometry": {"type": "Point", "coordinates": [2.202362, 48.57512]}, "properties": {"adresse": "1 RUE DES MEUNIERS 91520 Égly", "count": 1, "medecins": "[{\"nom\": \"PESSIN\", \"prenom\": \"Gérard\", \"savoir_faire\": \"Qualifié en Médecine Générale\"}]"}}, {"type": "Feature", "geometry": {"type": "Point", "coordinates": [2.378064, 48.671209]}, "properties": {"adresse": "51 RUE FRANCOEUR 91170 Viry-Châtillon", "count": 1, "medecins": "[{\"nom\": \"HOR\", \"prenom\": \"Sin Rong\", \"savoir_faire\": \"Spécialiste en Médecine Générale\"}]"}}, {"type": "Feature", "geometry": {"type": "Point", "coordinates": [2.375785, 48.670959]}, "properties": {"adresse": "10 RUE ALEXANDRE DUMAS 91170 Viry-Châtillon", "count": 1, "medecins": "[{\"nom\": \"MAGNIER\", \"prenom\": \"Laurent\", \"savoir_faire\": \"Qualifié en Médecine Générale\"}]"}}, {"type": "Feature", "geometry": {"type": "Point", "coordinates": [2.290387, 48.730558]}, "properties": {"adresse": "1 SQUARE JEAN BOUIN 91300 Massy", "count": 1, "medecins": "[{\"nom\": \"SAOULI\", \"prenom\": \"Rida\", \"savoir_faire\": \"Spécialiste en Médecine Générale\"}]"}}, {"type": "Feature", "geometry": {"type": "Point", "coordinates": [2.343983, 48.676827]}, "properties": {"adresse": "7 RUE FAIDHERBE 91600 Savigny-sur-Orge", "count": 1, "medecins": "[{\"nom\": \"LAMBERTI TEILLET\", \"prenom\": \"Margherita\", \"savoir_faire\": \"Qualifié en Médecine Générale\"}]"}}, {"type": "Feature", "geometry": {"type": "Point", "coordinates": [2.236334, 48.683151]}, "properties": {"adresse": "2 RUE DE FRETAY 91140 Villejust", "count": 1, "medecins": "[{\"nom\": \"COLSON\", \"prenom\": \"Pascal\", \"savoir_faire\": \"Spécialiste en Médecine Générale\"}]"}}, {"type": "Feature", "geometry": {"type": "Point", "coordinates": [2.018994, 48.522801]}, "properties": {"adresse": "11 RUE GAETAN BREGEON 91410 Dourdan", "count": 1, "medecins": "[{\"nom\": \"MAUGARS\", \"prenom\": \"Manuel\", \"savoir_faire\": \"Qualifié en Médecine Générale\"}]"}}, {"type": "Feature", "geometry": {"type": "Point", "coordinates": [2.24485, 48.721498]}, "properties": {"adresse": "4 RESIDENCE DU VAL 91120 Palaiseau", "count": 1, "medecins": "[{\"nom\": \"KLEIN\", \"prenom\": \"Stéphane\", \"savoir_faire\": \"Qualifié en Médecine Générale\"}]"}}, {"type": "Feature", "geometry": {"type": "Point", "coordinates": [2.478033, 48.714436]}, "properties": {"adresse": "9 RUE AUBER 91330 Yerres", "count": 1, "medecins": "[{\"nom\": \"CHEVALIER\", \"prenom\": \"Hélène\", \"savoir_faire\": \"Qualifié en Médecine Générale\"}]"}}, {"type": "Feature", "geometry": {"type": "Point", "coordinates": [2.332322, 48.542352]}, "properties": {"adresse": "10 RUE BAZILE 91770 Saint-Vrain", "count": 1, "medecins": "[{\"nom\": \"CATHELIN\", \"prenom\": \"Sylvie\", \"savoir_faire\": \"Spécialiste en Médecine Générale\"}]"}}, {"type": "Feature", "geometry": {"type": "Point", "coordinates": [2.306631, 48.651795]}, "properties": {"adresse": "82 ROUTE DE LONGPONT 91700 Sainte-Geneviève-des-Bois", "count": 1, "medecins": "[{\"nom\": \"BACQUER\", \"prenom\": \"Alain\", \"savoir_faire\": \"Spécialiste en Médecine Générale\"}]"}}, {"type": "Feature", "geometry": {"type": "Point", "coordinates": [2.332877, 48.645677]}, "properties": {"adresse": "243 AVENUE GABRIEL PERI 91700 Sainte-Geneviève-des-Bois", "count": 1, "medecins": "[{\"nom\": \"TRAN NGOC\", \"prenom\": \"Elisabeth\", \"savoir_faire\": \"Spécialiste en Médecine Générale\"}]"}}, {"type": "Feature", "geometry": {"type": "Point", "coordinates": [2.253809, 48.713756]}, "properties": {"adresse": "1 ALLEE DES GARAYS 91120 Palaiseau", "count": 1, "medecins": "[{\"nom\": \"CLUET\", \"prenom\": \"Sandrine\", \"savoir_faire\": \"Qualifié en Médecine Générale\"}]"}}, {"type": "Feature", "geometry": {"type": "Point", "coordinates": [2.167692, 48.683589]}, "properties": {"adresse": "31 RUE DES BERGERES 91940 Les Ulis", "count": 1, "medecins": "[{\"nom\": \"NORMAND\", \"prenom\": \"Véronique\", \"savoir_faire\": \"Qualifié en Médecine Générale\"}]"}}, {"type": "Feature", "geometry": {"type": "Point", "coordinates": [2.19043, 48.486744]}, "properties": {"adresse": "1 IMPASSE SAINT NICOLAS 91580 Étréchy", "count": 1, "medecins": "[{\"nom\": \"BENOIST\", \"prenom\": \"Luc\", \"savoir_faire\": \"Qualifié en Médecine Générale\"}]"}}, {"type": "Feature", "geometry": {"type": "Point", "coordinates": [2.154013, 48.432633]}, "properties": {"adresse": "109 RUE SAINT JACQUES 91150 Étampes", "count": 1, "medecins": "[{\"nom\": \"AIT-AMIR\", \"prenom\": \"Yahia\", \"savoir_faire\": \"Qualifié en Médecine Générale\"}]"}}, {"type": "Feature", "geometry": {"type": "Point", "coordinates": [2.209308, 48.558495]}, "properties": {"adresse": "6 PLACE CHARLES DE GAULLE 91790 Boissy-sous-Saint-Yon", "count": 1, "medecins": "[{\"nom\": \"SAADA\", \"prenom\": \"Raoul\", \"savoir_faire\": \"Spécialiste en Médecine Générale\"}]"}}, {"type": "Feature", "geometry": {"type": "Point", "coordinates": [2.127029, 48.555227]}, "properties": {"adresse": "12 RUE PAUL PAYENNEVILLE 91530 Saint-Chéron", "count": 1, "medecins": "[{\"nom\": \"DOSSEH\", \"prenom\": \"Jean-Eugène\", \"savoir_faire\": \"Spécialiste en Médecine Générale\"}]"}}, {"type": "Feature", "geometry": {"type": "Point", "coordinates": [2.47885, 48.601722]}, "properties": {"adresse": "14 PLACE DES CASTORS 91100 Corbeil-Essonnes", "count": 1, "medecins": "[{\"nom\": \"MIMOUN\", \"prenom\": \"Roger\", \"savoir_faire\": \"Qualifié en Médecine Générale\"}]"}}, {"type": "Feature", "geometry": {"type": "Point", "coordinates": [2.27734, 48.728902]}, "properties": {"adresse": "21 RUE FUSTEL DE COULANGES 91300 Massy", "count": 1, "medecins": "[{\"nom\": \"GUETTA\", \"prenom\": \"BERNARD\", \"savoir_faire\": \"Qualifié en Médecine Générale\"}]"}}, {"type": "Feature", "geometry": {"type": "Point", "coordinates": [2.366219, 48.654193]}, "properties": {"adresse": "47 AVENUE DE LA FORET 91170 Viry-Châtillon", "count": 1, "medecins": "[{\"nom\": \"O'CONNEL\", \"prenom\": \"Ngoc Dung\", \"savoir_faire\": \"Qualifié en Médecine Générale\"}]"}}, {"type": "Feature", "geometry": {"type": "Point", "coordinates": [2.343415, 48.48766]}, "properties": {"adresse": "2 AVENUE D ARPAJON 91590 Cerny", "count": 1, "medecins": "[{\"nom\": \"MARCHAND\", \"prenom\": \"Nathalie\", \"savoir_faire\": \"Qualifié en Médecine Générale\"}]"}}, {"type": "Feature", "geometry": {"type": "Point", "coordinates": [2.493888, 48.50549]}, "properties": {"adresse": "3 PLACE DE LA MAIRIE 91750 Nainville-les-Roches", "count": 1, "medecins": "[{\"nom\": \"HASCOET\", \"prenom\": \"Géraldine\", \"savoir_faire\": \"Qualifié en Médecine Générale\"}]"}}, {"type": "Feature", "geometry": {"type": "Point", "coordinates": [2.301363, 48.655502]}, "properties": {"adresse": " RUE DES RIOS 91700 Villiers-sur-Orge", "count": 1, "medecins": "[{\"nom\": \"SAREZINSKI\", \"prenom\": \"Michèle\", \"savoir_faire\": \"Médecine Générale\"}]"}}, {"type": "Feature", "geometry": {"type": "Point", "coordinates": [2.236486, 48.707135]}, "properties": {"adresse": "50 BOULEVARD DE LOZERE 91120 Palaiseau", "count": 1, "medecins": "[{\"nom\": \"DEKINDT\", \"prenom\": \"Christophe\", \"savoir_faire\": \"Spécialiste en Médecine Générale\"}]"}}, {"type": "Feature", "geometry": {"type": "Point", "coordinates": [2.009572, 48.524898]}, "properties": {"adresse": "3 RUE BALZAC 91410 Dourdan", "count": 1, "medecins": "[{\"nom\": \"BARUTCU\", \"prenom\": \"Metin\", \"savoir_faire\": \"Spécialiste en Médecine Générale\"}]"}}, {"type": "Feature", "geometry": {"type": "Point", "coordinates": [2.405324, 48.656817]}, "properties": {"adresse": "10 RUE DU CLOS 91130 Ris-Orangis", "count": 1, "medecins": "[{\"nom\": \"DIA\", \"prenom\": \"Papa\", \"savoir_faire\": \"Spécialiste en Médecine Générale\"}]"}}, {"type": "Feature", "geometry": {"type": "Point", "coordinates": [2.364666, 48.660317]}, "properties": {"adresse": "12 AVENUE JEAN BAPTISTE LEBAS 91170 Viry-Châtillon", "count": 1, "medecins": "[{\"nom\": \"AMMAR\", \"prenom\": \"Kamal\", \"savoir_faire\": \"Spécialiste en Médecine Générale\"}]"}}, {"type": "Feature", "geometry": {"type": "Point", "coordinates": [2.498553, 48.702413]}, "properties": {"adresse": "1 RUE DE SOULINS 91800 Brunoy", "count": 1, "medecins": "[{\"nom\": \"POIROT\", \"prenom\": \"Fanny\", \"savoir_faire\": \"Spécialiste en Médecine Générale\"}]"}}, {"type": "Feature", "geometry": {"type": "Point", "coordinates": [2.415946, 48.647636]}, "properties": {"adresse": "5 AVENUE DE L ESSONNE 91130 Ris-Orangis", "count": 1, "medecins": "[{\"nom\": \"SAIOVICI\", \"prenom\": \"DAVID\", \"savoir_faire\": \"Spécialiste en Médecine Générale\"}]"}}, {"type": "Feature", "geometry": {"type": "Point", "coordinates": [2.386966, 48.654533]}, "properties": {"adresse": "7 CHEMIN DU PLESSIS 91350 Grigny", "count": 1, "medecins": "[{\"nom\": \"TERNIFI\", \"prenom\": \"Amina\", \"savoir_faire\": \"Spécialiste en Médecine Générale\"}]"}}]}